username,rating,time,votes,comment,情感标签,情感置信度,文本语言,分析状态
lefovm,5,2024-11-08 13:29:21,82,居然是豆瓣上第一个短评，院线版新增的一个彩蛋很惊喜，选择了纽约的街景不知道和谏山创的Anime NYC之行有没有关系。在这个残酷美丽的世界，谢谢你为我围上围巾🧣｜ＴＯＨＯシネマズ新宿,positive,0.8765,zh,成功
🔒NANIMONO🔒,3,2025-03-01 18:21:02,4,#MCL德福#没有美高的部分会更好，如果只看原版还能因为谏山创笨拙的把自己和艾伦代入而略有理解，美高的部分就是仿照当下影视作品meta化来让观众纯一笑而过，但这还想再挽尊一般的做法只会把结局这段心路历程更祛魅,negative,0.8765,zh,成功
zhong可乐,5,2024-11-08 23:07:01,50,立刻献出心脏了，巨人是唯一一部不管怎么重编重剪炒冷饭我都可以充满期待看无数遍的作品，大家一定都在另一个时空好好的生活吧。,positive,0.9876,zh,成功
南宫非攻,3,2025-01-05 17:01:12,12,艾伦地鸣之后的总集篇，原本合集就一律三星，更别提这还是脑残叛变小分队去诛杀艾伦的合集，不扣星就已经很不错了。,negative,0.8543,zh,成功
伊利丹,5,2024-11-09 14:29:30,60,看完以后，觉得应该从头开始再剪一遍。,negative,0.7236,zh,成功
Drifter,5,2025-01-18 18:11:57,23,韓吉對著阿尼喊「下次見」時立刻忍不住淚崩了⋯⋯三刷，這是首處牽動我淚腺的細節。｜寫了數次：進巨最高光的一點就是能摒棄宏大的概念，回歸人類心底最柔軟的惻隱，你也可以說那叫做「人道主義」，但我覺得「主義」這個詞依然寬泛，我覺得人類只需去不斷發現並單純地承認：我們具備更細小卻有力的感情。面對「既然終究會死那麼努力求生又有何意義」這樣無懈可擊的邏輯，放棄辯解自證與形容，只是讓Armin做出了最原始的反應——有多少人於是隨之想起自己的那片葉子、那顆棒球，想起故意輸掉的比賽和無論如何也玩不夠的心愛遊戲？那麼Mikasa究竟是為什麼能親手斬下自己保護了一輩子的人的頭，也就不言而喻。｜全程和大家一起又哭又笑。沒想到School Caste會作為彩蛋在完結篇釋出，雖是很傻的情懷砲彈，但粉又怎能不願被轟炸呢。,positive,0.9876,zh,成功
一只充眠宝,5,2025-01-21 14:13:47,10,捧着香港首场特典就开始哭，从韩吉哭到吼猴，终于也在大荧幕上看到今天天气真好了。喜欢片尾彩蛋，ema你们三个把日子一起过好比什么都强别单拆你那异性恋和竹马了。看到清洁工李伟扫影院还是又哭了。,positive,0.9568,zh,成功
Doublebitch,5,2024-12-15 11:12:59,29,他割任他割 反正韭菜多,negative,0.8765,zh,成功
画戟,5,2025-06-09 16:30:31,1,我也很喜欢浪漫。 但我更喜欢安安静静，踏踏实实的生活。,positive,0.8543,zh,成功
Panda的影音,5,2025-03-25 23:05:14,16,彩蛋台配版 …… -米卡莎：我覺得是部很棒的作品。雖然真的是一個相當漫長的故事，但伏筆都有確實的回收，和登場的角色們也都有好好道別了。 -阿爾敏：是喔。這是因為米卡莎妳都沒有在看討論區吧？……謎團根本都沒解開啊！該怎麼說？太符合觀眾的預測了。一般來說會從正面意義上給出一些超乎觀眾預料的東西吧？ -米卡莎：是因為…有可能是作者故意不把劇情說死，這樣才能讓觀眾留下想象空間；也可能是刻意收得簡潔明瞭，比方說偶爾也是有人身上帶著缺點反而更容易讓人親近他啊！你不能否認吧？ -阿爾敏：開什麼玩笑？這種解釋怎麼可能消解我滿肚子的疑問跟不滿，我可是等這個結局等了好久了，為了這一天等了整整十年。不然艾連你是怎麼評價的？ …… -艾連：我覺得…能跟你們一起看電影我覺得很開心。如果之後還有續集的話 再約一約，一起去看吧！ ……,neutral,0.6543,zh,成功
Nomass,5,2025-06-08 23:41:20,2,彩蛋。 如此反差的小太妹三笠似乎是用来展示一个突破了宿主限制的人设，但又何尝不是一种迎合身份的虚有其表？ 以及，直抒胸臆的存在主义。,neutral,0.6543,zh,成功
Miss Filbert,5,2025-06-14 13:53:41,1,唉唉，难道我们献出心脏只是为了去践踏别人的心脏吗,negative,0.8764,zh,成功
MathaChestnut,5,2025-01-16 14:30:10,24,2025.1.16 11:00 Festival Grand Cinema（又一城） 依然被感动、被震撼，我仿佛就是为了看到这样的作品才诞生在世界上！😭美高彩蛋太可爱了🥳🍿,positive,0.9876,zh,成功
荷兰豆,5,2025-06-04 13:13:52,2,借主角之口说出作者对观众说的话 真有你的,negative,0.7236,zh,成功
碧花生,5,2025-04-04 16:03:52,1,完结篇总集+美高彩蛋。「能和你们一起看电影很开心，如果有续作的话，再一起去看吧。」,positive,0.8765,zh,成功
知识知识知,5,2025-02-11 13:19:51,10,当代的战争与和平,neutral,0.5,zh,成功
r8thm,5,2025-06-09 20:05:19,2,没想到是这样的结局，这部动漫的走向越来越让它成为一部让人难忘的作品，一开始以为是简单的与巨人战斗保卫家园的故事，原来是说人类那永无止境的循环,positive,0.8765,zh,成功
颍原真吾,5,2025-04-02 18:13:50,3,也许我出生就是为了我们三个人玩捉迷藏？,neutral,0.6543,zh,成功
Pop Quizzer,2,2025-09-14 09:39:42,0,没看前几集，剧情一头雾水,negative,0.8763,zh,成功
醉梦·聊生,3,2025-10-27 18:49:46,0,巨人之间的战斗，像僵尸一样的地鸣，踩死了地上八成的人类，艾莲与调查军团，一个自由的奴隶用自己的死成全了大家的英雄一击，明知未来的颓丧，剩下的两成人类一样会有不会完结的战斗，未看过剧集，很难有三人情谊而带来的感动。,negative,0.7568,zh,成功
Kavanish,4,2024-11-09 18:41:31,59,影院坐得很满，很多人都哭了，再看最终季，只觉得韩吉的死处理得壮烈残酷又温柔，作者给了韩吉和艾尔文非常圆满而有尊严的死亡。虽然主角三人组很莫名其妙，但调查兵团和以莱纳为代表的马莱线还是相当令人动容。,positive,0.7568,zh,成功
lOoK At mE,5,2024-11-22 08:30:28,10,一年后再体验，敬佩其同时展开多个层次议题的勇气；前后篇整体感觉采用了一种新的阴影画法，不那么规则了；声音的重制很用心，三间不愧是从剧场版做上来的,positive,0.9567,zh,成功
E.V.E,5,2024-11-08 20:42:19,17,10年！一起走过,positive,0.8765,zh,成功
夏日终年,4,2025-01-10 00:26:25,22,追求自由的人，最终都会人头分离。,negative,0.9567,zh,成功
santawhale,5,2025-09-01 21:33:26,0,这啊那的其实一到野鸽围围巾我就又不中了,negative,0.7568,zh,成功
😄+💧=😅,3,2025-04-15 11:42:15,0,加了个彩蛋,neutral,0.6,zh,成功
dcbyfsdbkkwsx,4,2025-06-12 20:30:56,10,艾伦打破了尤弥尔的奴隶枷锁，三笠砍断了尤弥尔的恋爱脑。,positive,0.8765,zh,成功
ripley,未评分,2025-03-23 12:06:30,0,落幕,neutral,0.5,zh,成功
Steve,5,2024-11-09 20:17:49,63,周围一圈九宫格哭的稀里哗啦的，个人因为看太多遍了已经毫无波澜了，但是能在电影院看巨人，也是完成了人生愿望清单的又一项。,positive,0.8567,zh,成功
peeman,未评分,2024-12-05 23:11:23,1,总集篇,neutral,0.8,zh,成功
潇潇雨歇,1,2025-04-03 20:01:03,6,一群人在为日本人时时刻刻想要毁灭全人类的阴暗、变态想法的集大成之作鼓掌叫好。他们不知道这是在鼓励日本人再犯华夏吗？,negative,0.9876,zh,成功
忍者神猪,5,2024-11-24 00:41:29,43,【涉及剧透】色纸拿到阿尔敏（另外两个人谏山创画的不好看）才看到第五季开头的时候这个突然上了，而且好像只上三周所以就先去看了。感觉可以丝滑地切进去剧情，说实话这个电影只是第六季的总集篇。哭得我特别头晕，从头哭到尾的感觉。看到噶比的时候我觉得我原谅了她，看到她端枪的姿势会幻视萨沙，所以这是一个特别残忍的设定，让萨沙死在另一位年幼的狙击手的手里。这就像是在说仇恨的代际相传所要付出的代价，以及用你最信赖的射击夺走了那么多生命的你最后要面临的因果报应一般。在前面所有剧情的缝隙里填入三笠爱着艾伦的证明，只是想着要去杀你就会流泪的，但是最后的最后也只有她可以去杀你，抱住他的头颅亲吻就像某种宿命意味太重的哥特式爱情。结果在彩蛋的转世里面三笠真的是那种会玩亚文化的哥特阴暗女要命啊。。,,,,失败：Expecting value: line 1 column 1 (char 0
1号游客,5,2025-04-30 22:05:07,1,多了最后一幕的彩蛋，也让主角三人从动漫活在现实，还是最爱你三笠,positive,0.8765,zh,成功
老罗Lazzaro,4,2025-04-24 22:37:12,2,最后的进击，场面调度是真的强。汉吉献出心脏，艾伦vs伙伴们的双自由对抗，而实际是伙伴们对抗着尤弥尔。巨人之力消失，人类的战争与对抗依旧持续。三笠真孤独啊。,positive,0.8567,zh,成功
誒嘿嘿教主,5,2025-01-31 15:32:35,2,IMAX厅大银幕也太过瘾了吧,positive,0.9876,zh,成功
Reven,4,2025-06-14 09:19:25,2,如果不是最后的彩蛋我会以为我下错了，这剧情跟上部不是一模一样吗。,negative,0.8764,zh,成功
必烈,4,2025-01-18 14:16:26,25,给青春一个体面的告别。 ①文戏简直灾难性，什么心里话都往外说，这要搁姜文评价就是“最差的台词”；②谏山创和编剧明显信宗教，对什么燃烧的大海有迷一样的执念；③最后一段加的好，终于把艾伦动机说出来了。作为日本立场，灭掉80％人类让人口平衡是折中办法，但其实把外人杀光只留日本人都没问题，问题是谏山创不敢这么写🤣④彩蛋明说了巨人就是隐喻核弹，可以说是巧妙的把核弹创伤用作品包装出来了，要是搁现实主义大家才不会这么跟着你的想法走。 总体说是对日本文化研究的好范本。,,,,失败：Expecting value: line 1 column 1 (char 0
凯撒不爱我,未评分,2025-02-09 22:31:05,0,在大银幕上看到真是令人感动。只可惜到结尾，兵长已经不能再贡献任何华丽的砍猴了，兵长好可怜😭,positive,0.7568,zh,成功
起个名怎么老虫,3,2024-12-07 07:59:29,6,十年剪辑片 感动人心的故事 影院大屏,positive,0.8765,zh,成功
钱坤一,4,2024-11-18 16:58:53,40,因为被朋友拉着一起看这部总集篇剧场版，一口气补了漫画。电影也是以知道地鸣发动之前的故事为前提。战斗场面在电影院看效果还可以。韩吉舍身阻挡地鸣巨人那段朋友哭得好大声（ 相比漫画，动画还让我留下印象的是，在悬崖上只有婴儿是彩色的。最后艾伦和阿尔敏的对话改动也不错。正片结束，时光流逝，一转“现代”的转世三人走出电影院讨论本作的感想，这段结尾是朋友不太满意我却很喜欢的部分。艾伦说只要和大家一起看就很好了，和我走出电影院的心情呼应了。尽管人类不会停止争斗，能安心享受电影院的生活就是美好的。,,,,失败：Expecting value: line 1 column 1 (char 0
Reposado,5,2025-04-15 21:53:02,2,看点好的 能和你们一起看电影就很幸福了 突然有点好奇谏山创做为一个生活在二十一世纪和平时代的人是怎么关心到且能写出战争这种明显脱离作者现实日常生活这种属于20世纪上半叶的题材的？（很久之后的答案：也许他不懂战争但是懂人性仇恨，用战争的载体去装仇恨） 还有就是三笠身上的刚强勇武和贤妻良母如何共存？整装提刀的三笠和坐在树下的三笠如何是同一个人？这两者放到现实中应该是矛盾的,neutral,0.6543,zh,成功
牧医见侍卫,5,2025-08-28 18:48:52,0,-9.5分,positive,0.9987,zh,成功
拉撒路,5,2025-05-12 03:23:31,1,残酷的轮回人们无法终结，我能做的只是对当下的幸福知足，并对永恒抱以盼望。 我们如今仿佛对着镜子观看，模糊不清，如同猜谜，到那时，就要面对面了。我如今所知道的有限，到那时就全知道，如同God知道我一样。 我今天才是给进击的巨人这部作品在我心中真正的画上句号，此刻心中有满足、有感动、有顿悟也有孤独与悲凉，更有喜乐与盼望！,positive,0.9568,zh,成功
颜落寒,4,2025-03-30 15:13:01,0,主要是补一下彩蛋，还蛮意味深长的🤣,positive,0.8564,zh,成功
treenametree,未评分,2025-01-12 00:07:21,3,哭了一个小时。最喜欢的结局。我们向未来走去，地狱向我们走来。,positive,0.8567,zh,成功
懿然,5,2025-04-29 21:54:35,1,90分。,positive,0.85,zh,成功
24,3,2025-03-07 21:03:51,0,來到終篇了，坐在4dx的影院，座椅隨著銀幕上立體機動裝置的走向而晃動，也算滿足了初一夏天我的願望：好想學會立體機動裝置到處飛！當初在艾蓮倒立苦練的時候我也暗暗使勁，訓練兵氣體耗盡直面巨人的時候我也一樣恐慌，那時候最喜歡三笠又強又颯，總是很有餘裕地戰鬥，也真切地夢想過成為他們的一員，去海的那邊···突然好想回到過去，這麽多年過去一切都變了，原來未來一點都不值得期待。但是，就這樣一直前進下去，戰鬥吧！,positive,0.8765,zh,成功
花束,3,2025-05-31 22:34:43,1,属于是中二动漫里比较有深度的，因此缺点也比较突出，就是中二。作者设置的世界观和野心难以由他的人物塑造和整体把控力支撑起来，所以人物的行为并不是被命运推动，而是被作者的意图推动，使得人物中二得不得了，并且作者试图用理智上的政治正确掩饰他情感上对于人类的某种微妙的厌恶。节奏拖沓和故作深沉让人觉得已经超过了合理的范畴。,negative,0.8765,zh,成功
原野奔号,5,2024-12-24 18:54:15,3,不看巨人的素质品味修养都比较低,negative,0.8543,zh,成功
暴殄天物,5,2025-10-18 08:31:13,0,就是前篇和后篇的合体剧场版。多了一个片尾彩蛋，像是结尾不尽人意的一个多余的解释和宽慰。,negative,0.7236,zh,成功
叉叉小箭猪,5,2025-08-19 05:35:07,0,虽然用宿命论去解释是一种圆不上只能强行圆的手法，但三笠刀下去的那一刻，我能觉得是谏山创的初始想法，倒也解释得通。只是说，循环这种命理嘛。彩蛋很好，这就应该是我们开放的心态。,positive,0.7568,zh,成功
今ヶ瀬,5,2025-02-11 10:55:56,1,Regal Union Square 跟这一切和解了。「私は無知で愚かで、世界は理不尽で狂っている。 」その物語も。私も。,negative,0.7568,ja,成功
小鬼Bono,3,2025-04-22 00:05:28,0,在最大程度具现化漫画的基础上的“本手”之作，也承袭了漫画在画工、人物、情节上的缺陷种种。,negative,0.7568,zh,成功
小莫莫呀呀,5,2025-07-25 23:46:45,0,人类总是那么贱,negative,0.9562,zh,成功
半澤直叔,5,2025-02-12 12:28:48,2,北美乡村刚上映，电影院里基本民族大熔炉，亚裔反而不多，真·出圈。为最后两分钟彩蛋的醋包了2个半小时的总篇集大饺子。“那种事情不要啊”的时候全场充满了快活的空气。,positive,0.8567,zh,成功
ᵀ ᴬ ᴺ ᵀ ᴬ ᴺ,4,2025-04-24 16:26:47,1,就是最终完结篇的前篇和后篇连起来做成的电影，追了十年巨人对这个结局还算满意吧，问题在于画面崩坏有点多。正如片尾艾伦所说，他试过很多种方法也改变不了结局，只有杀掉80%人让伙伴变成阻止他的英雄才能停止战争，让他这种蠢蛋拥有强大力量，对他本人来说是折磨。男主变反派，最后一杀普通人全变巨人，让三笠亲手杀了艾伦太残忍了，结局巨人力量消失，大家也变回普通人，曾经死去的的人影再现也是种慰藉。和平了一段时间，三笠直到死也带着那条围巾，多年后战争又开始，男孩走进埋葬艾伦的树洞，巨人新的轮回又开始。加了彩蛋，未来的三人在电影院看完电影结束讨论着结局。,neutral,0.6543,zh,成功
常官鱼鱼,未评分,2024-11-14 03:34:09,1,池袋看的，工作日下午，影院除了前四排都是满员。1.同去友人提出，弗洛克死亡分镜没剪辑有张力版本略遗憾。2.前两章总体好于后两章。韩吉牺牲，感谢艾伦消灭巨人之力（你这不是胡扯），砍头那儿绷不住狂笑，重看仍然是毫无意义的桥段。jsc垂“死”挣扎，不是写以浓墨感情就能掩盖。艾伦和阿明的谈话应该在飞行艇以道路结束，带着强烈地辖制和惊恐，两人最终失去了和解的全部可能，互相留存的应只有过去尚未面对真正难题前的惺惺相惜。三笠听到艾伦在非平行世界的最后一句话是“我非常讨厌你”。（艾伦最后充满爱意的眼神也删掉了，知道吃妈巨真相的阿明镜头也过短）作品虽然名义上结束了，但对其解读仍可进击。后半程实在过于“无奈”。3.巨人仍然完成度较高，作者水平超高，值得反复阅读观看和思考。影院巨大声音击穿我的身体！战争巨帅啊！地鸣效果好,positive,0.7568,zh,成功
DINGAYIN,5,2025-01-26 17:20:58,0,電影版最後的結尾太棒了。,positive,0.9876,zh,成功
复活的金属狗熊,1,2025-06-27 10:24:00,1,问：为什么巨人的口碑在21年烂尾之后，现在突然回升了，豆瓣还能有9分的高分？ 答：因为没热度了，粉丝都提纯了，现在就一小圈子报团取暖，风评就被扭回来了呗。对巨人失望的大多人已经不关注巨人了，结果就剩下一群过度解读的粉丝在高强度做时空警察对线,negative,0.8765,zh,成功
Manatsu,5,2024-11-11 22:41:12,9,呜呜呜呜我也是9号厅，哭累了呜呜呜呜呜呜呜（mikasa变misamisa了，好可爱啊,positive,0.8567,zh,成功
Puff,5,2025-01-05 18:01:35,6,2022年Part.2完結便覺得完結篇非常適合用劇場版規格收尾，雖然最終還是分成了Part.3和Part.4在小螢幕完結，但如今的總結篇總算順應民意，讓粉絲有機會在大銀幕幫艾連送終，在新年第一週，能在聲光效果包覆感更強的大銀幕體驗完結篇，體驗地鳴音效所帶來的毀滅性震撼，完成身為巨人粉實質意義上的補完，已了無遺憾。劇場版完結篇總集內容無更動，但是在音效升級的情況下電影感便完全凸顯出來了，雖然最終沒以IMAX規格上映終究有些遺憾，但是能再次在大銀幕重溫畫面以及音效上的所有細節，外加片末的原創彩蛋達成戲裡與戲外的交流呼應，完成了身為巨人粉實質意義上的「補完」，看完真有種太他X值得的欣喜感，謝謝你替我圍上圍巾，謝謝創哥和Mappa給了巨人粉絲一次在大銀幕補完的機會，能跟你們一起看電影真的很開心。,positive,0.9987,zh,成功
囍弗斯,4,2025-04-03 21:40:05,0,救命！即使（剧透的网友让）我拥有预知未来的能力，还是在看到最后那莫名其妙的一章时狠狠翻了白眼。。。,,,,失败：Expecting value: line 1 column 1 (char 0
^关于你^,4,2025-05-29 18:46:42,1,如果你硬要生的话，那么：接受世界的不完美，但尽力让它变得更好；即使最终失败，也不要主动放弃所有希望；然后无愧无悔的死去。,positive,0.7568,zh,成功
七天七夜,5,2025-08-30 09:15:58,0,这回终于是真正的完结了。巨人消失了，但战争还在，纷争还在，因为，我们是愚蠢的人类。 watch on Netflix,negative,0.8567,zh,成功
杉杉山,1,2025-04-08 22:57:26,3,右派独有的反思，自以为接受了世界，故作成熟地思考悲剧，却看不到表象之下的历史与逻辑,negative,0.8764,zh,成功
鹅毛,未评分,2025-02-07 23:49:18,0,发现美高彩蛋动画加了个小彩虹旗,positive,0.8764,zh,成功
momo,1,2025-06-02 19:25:20,1,终于看完了，一直听说看到最后就好了，看到后面就好了，就像老太太的裹脚布一样又臭又长，看完只想说 就这？ 啰啰嗦嗦，每集回闪回忆等等真的让人很烦。 好的故事一定是迫不及待的想往下看，巨人是啰嗦拖拉但是说这个剧很厉害所以逼自己看下去，累 唯一好的点是基本上每个人物都花时间刻画了，这就导致这个人物死的时候你会真情实感的感觉到难过，伤心。 画风就不想吐槽了，你以为是一部动漫，实际是个恐怖片，经常搞些恶心人的东西出来吓死你,negative,0.9567,zh,成功
海居,5,2025-05-13 06:06:46,0,神作。没有之一。所谓极致就是如此了。,positive,0.9876,zh,成功
桐原健三kenzo,5,2025-04-05 11:48:43,0,喜欢这个三人结尾,positive,0.8765,zh,成功
抹茶小寒子,5,2024-11-09 14:39:25,14,自己一个人来看真是太好了，因为实在哭的太惨了。。散场出来看到工作人员收爆米花桶，另一边有一些拿着爆米花和可乐等着进场的人，过着平和的日常真是太好了。灯亮起后坐在后面的男生说，これで本当に終わったんだな進撃。🥹😢😭！！！,positive,0.8543,zh,成功
Silence🌸🌸,4,2025-03-03 06:54:34,0,（我是第3000个评价诶）25.3.2 Vue West End 1号小厅还坐挺满的，就是屏幕小，下次要坐前排...其实一直没看TV最近正好有着急兑换的电影票就决定来看了，然后临时恶补八十多集的剧情头晕眼花，还好电影里主要就是打打打说说说，拖了两个半小时也大概看明白了：祸端由女人恋爱脑而起，最后还得靠女人挥泪斩情丝拯救世界，就算拯救了也没用，因为有人类的地方就有无穷的杀戮，但是一代人有一代人的战场吧，壮烈了主要就是图个心安（感觉男二比女主还爱男主啊，这仨人就是相爱相杀的和谐一家吗,positive,0.7568,zh,成功
Konano,3,2025-03-03 11:15:16,0,不看后悔，看了也后悔,negative,0.75,zh,成功
Vincent,5,2025-11-18 01:45:37,0,第二次看，燃得要死也哭得要死，从艾伦说对不起就开始哭，一路哭到结尾。屠龙少年终成恶龙。塔塔开！,positive,0.9567,zh,成功
ELeslie,未评分,2025-02-27 07:25:26,0,为了彩蛋,neutral,0.5,zh,成功
Howllee,4,2025-09-10 17:31:11,0,假设上面的设定成立，墙外的艾尔迪亚人就是如此充满奴性的卑贱民族，那第四季主角团的圣母般的”大义灭亲“仍旧非常不合理。为了拯救世界，屠杀自己所有族人的宇助波鼬的行为如果还能勉强理解；那为了拯救世界，去献祭自己同胞几十万人，去手刃同袍，仍然坚信这是“正义”的圣母，这样的人都恰好聚集在调查兵团主角团里面，就令人难以置信了。 作者想将主角团置于和最开始莱纳潜入墙内一样的境地，但”战士“们一来有亲属做人质，二来有长久的洗脑教育，最后还经历反复退缩甚至精神崩溃才做到这一步的。主角团喊着”等价交换“，就能扯着大义的旗去牺牲岛内的人？为了完成这畸形的英雄壮举还要手刃同袍。如果说因为他们的亲属多半已经葬身巨人之口，立场已经站在大陆人那边，那将岛内同胞全部卖掉这点简直是恶魔行径。 我想不到合理化他们动机,negative,0.9876,zh,成功
电焯人,5,2025-04-22 00:56:40,0,一年了也没啥优化槽点还是很多，但眼睛还是尿尿了。 5250人9.3⭐,negative,0.75,zh,成功
kiki204629,4,2025-03-23 21:18:51,0,完全没看过剧版，还是挺震撼的。,positive,0.8567,zh,成功
咏叹调,5,2025-07-29 22:15:44,0,令人震惊的剧场版…残酷的反战悲歌……,positive,0.8765,zh,成功
Sisyphusurper,5,2025-09-30 19:35:54,0,完结两年后又从头到尾重刷了一遍，于是在这里标记一下 第四季地鸣后的剧情当时不是很喜欢已经印象不深，于是重看又被这些瞬间震撼到，Gabi和Sasha重合的背影，Armin在屋檐上一跃而下，重新换上旧式的调查兵团制服的教官，还有最后韩吉说巨人真是太好了……😭 现在觉得这个结局真的已经很厉害了，最后两方人围着营火的对话，分镜是一片片昏暗的被树枝切碎的天空，死者的意义由生者决定，我们何时能走够出丛林……,,,,失败：Expecting value: line 1 column 1 (char 0
SKY,4,2025-01-26 18:55:17,0,可惡啊戰鬥和文戲還是那麼好看除了海邊ea對話。。,positive,0.8567,zh,成功
罗曼范特西,5,2025-03-29 08:24:31,0,把最终季的完结篇打包成电影在大荧幕上上映是日本动漫公司现今最爱的操作了，多赚一笔的举动也无可厚非。唯一的亮点或许在结尾的彩蛋，原来答案从一开始就已经揭晓了。(动漫第一季第一集标题：献给两千年后的自己…),neutral,0.7563,zh,成功
至尊宝,1,2025-11-09 14:05:03,0,十多年的等待,neutral,0.5,zh,成功
水里没有鱼,4,2025-03-26 17:04:53,0,没看完弃了，以为是新的，不忍看第二遍了,negative,0.8765,zh,成功
小小的你,5,2025-04-12 16:29:41,1,屯门新都英皇，最终特典场。虽然剧情已然二刷，但实在太好哭了，终于在大银幕前完成对近十年最爱动漫的致敬。,positive,0.9568,zh,成功
吉永小百合,5,2025-02-22 05:21:57,1,三笠真的超级爱，我真的很不喜欢男主，从头到尾都不喜欢男主。兵长是我的男神。,positive,0.75,zh,成功
團媛,5,2025-08-31 09:16:48,1,写实动漫。进击巨人之力，就是巨大的权力，最后给世界带来巨大灾难。,negative,0.8563,zh,成功
黑白有离,5,2025-07-08 10:34:59,0,相当于又刷了一遍，不过，彩蛋里高高的兵长帅爆了，“能和你们一起看这个电影真的很开心，如果有一天他们出了续集，我们也一起去看吧”～致永远的自由之翼～,positive,0.9542,zh,成功
kuriri,5,2025-11-16 19:39:40,0,三笠最后砍头的心理活动： 没有让那天成为最后一面，太好了，艾伦，我们又见面了。,positive,0.8765,zh,成功
Diane,5,2025-10-31 16:35:27,0,一百年后的兵长成清洁工了,neutral,0.75,zh,成功
porco,5,2025-03-25 16:56:20,0,彩蛋好玩,positive,0.9567,zh,成功
寂静四肢桶,5,2025-04-23 19:41:08,0,感动之余还是好震撼，不知道什么时候还能看到这样的作品了，还有彩蛋里三人组里阿尔敏和三笠变成阴暗hot nerd男、哥特女挺可爱的。,positive,0.8765,zh,成功
骑馬追月亮,5,2024-11-28 23:16:31,0,5 这次是真的结束了，人设是否崩塌，剧情是否烂尾，伏笔是否收回，这些问题都已经不重要了，我只想由衷的对这部陪伴了我这么多年的作品说一声：谢谢,positive,0.9568,zh,成功
原味乱码圣母,5,2025-02-13 14:00:09,1,其实看之前纠结了一晚上要不要找J一起去看，毕竟当时说好了要一起。但最后还是决定自己去，“不要再依赖对方的回应来验证这段回忆的价值”。,positive,0.8764,zh,成功
无情的打分机器,4,2025-07-06 10:43:05,0,二合一而已,neutral,0.5,zh,成功
十二封信,5,2025-03-23 21:42:47,0,aot真的太伟大了,positive,0.9876,en,成功
罗西基,4,2025-03-19 08:12:28,0,四星,positive,0.8,zh,成功
Cybermietail,5,2025-05-18 21:50:00,0,好棒的彩蛋，一百年后,positive,0.8764,zh,成功
因扎吉在看片,4,2025-05-05 23:10:08,2,艾伦以为杀了墙外80%的人，就能让帕拉迪岛获得自由，结果自己被女友三笠砍掉脑袋，20年后战争还是爆发了，帕拉迪岛依旧被夷为平地,negative,0.9543,zh,成功
纸躯,4,2025-02-12 14:52:47,1,在全场满座里重温一次最后篇章，还是在韩吉牺牲的时候流下眼泪。虽然坐了两个多小时只为了那几分钟的彩蛋，但是看到艾三阿三人组也跟我们一样，对着屏幕吃着爆米花，又觉得好像就是一星半点多的新物料也珍惜。我爱AOT. Cineplex. IV.,,,,失败：Expecting value: line 1 column 1 (char 0
JonDoe297,1,2025-09-10 15:14:45,1,军国主义倭人的狼子野心终究还是暴露了。 艾伦的坟头不过是另一种形式的靖国鬼厕罢了。一个甲级战犯搞得跟他妈圣人似的。 倭人对战争的核心反思永远只是自己在事后遭受了多少惩罚，而不是自己对受害者做过的错事。这种思想被包装美化成了“反战”，本质上实质上却只是“反战败”。,,,,失败：Expecting value: line 1 column 1 (char 0
微葉,5,2025-02-26 17:51:00,0,（隔天早上起来赶飞机还在后劲中…）2.25德国上映，买到了原声英字场次，还成功拉了一个朋友上车（两周补完四季她也是勇士qaq），进影院电子屏上上下下都是AOT海报，人头攒动有如粉丝包场，等待开播的影厅氛围也像过节。好笑的地方不管在哪个部分全场都会大笑，（我）痛苦的地方则听不到什么声音，不知道是隐没在了电影的声效中，还是只是沉默。倒是开场时此起彼伏的嚼爆米花声后来也基本消失了。我自己从两个小孩倒下的时候就控制不住眼泪了，以至于到后面只是持续在哭……且还不断有新的刺激加入：）离第一次看完结篇已经过了将近一年半，许多细节都不记得了，所以比如看见萨沙再次出现时几乎完全哽住。像敏说的，第一次看时更多是冲击，回顾尽是悲伤。エレン、いってらっしゃい。但是彩蛋真好，艾伦就是那样的孩子。为了孩子能走出森林。,positive,0.8765,zh,成功
第五次散步,5,2025-04-06 11:32:01,0,神作 最后能在电影院终结 也是最好的归宿 多希望那些只是一场电影 一场梦,positive,0.9542,zh,成功
E.W.,5,2025-02-02 23:55:55,0,贺岁档终于有一个能看的了 一个完结 画面很美,positive,0.8764,zh,成功
秋天的风,5,2025-03-29 22:28:41,0,非常棒，剧场版还有个挺有意思的彩蛋。,positive,0.9542,zh,成功
老贼,4,2025-04-04 11:11:44,0,这个影院版是最终季合集吧，看到阿伦和阿明深情对视还是以为他们要结吻,neutral,0.6543,zh,成功
小四不象,4,2025-06-09 12:50:33,0,片尾加了电影院的新彩蛋。,neutral,0.75,zh,成功
Erased,5,2025-02-13 16:26:40,0,十周年场 一个彩蛋值回一张电影票,positive,0.9562,zh,成功
CHeRiE,5,2025-02-06 15:44:34,0,彩蛋也好好看,positive,0.9876,zh,成功
n,2,2025-03-30 12:51:16,1,2分完全是给作画和分镜，也感谢动画组保留了 最后帕岛被夷为平地的结局，没看过漫画，但知道这个结局才看到的，PS没想到三立还结婚了，真的是跳梁小丑的剧情，没梗硬编后面的反转，如果在第三季结局就留白还好，非要填坑强行反转。最后恭喜阿尔敏获得绿卡,negative,0.8765,zh,成功
Hanly,5,2025-02-12 13:16:47,1,人类不是因为艾尔迪亚人存在才会互相残杀，而是因为人类天生就会制造敌人。 艾伦杀了80%的人，以为帕拉迪岛能获得自由，但20年后战争还是爆发了，帕拉迪岛依旧被夷为平地。世界的仇恨不会因为消灭一部分人就消失，它只会换个形式再回来。人类的问题从来不是「谁活着」，而是「如何活着」。 真想大喊「人类灭绝是必然的你少管！！」 看到最后又无可避免地流泪。人类还蛮可怜的，脆弱，仓皇，有所求，急迫，不得满足，像一群四处寻找庇护的、饥寒恐惧的羊。但人又是那样执拗，在一艘漏水的船上，肉眼可见愈来愈多的缝隙，明知是徒劳，可还是要尽自己所能去舀，用尽所有身躯去堵，和《卡拉马佐夫兄弟》里说的那样，「就是想活下去，我愣是活着，哪怕不合逻辑。」 我们人类自愿灭绝派早就看清了，不生孩子屁事没有，少生一个孩子就是挽救一条生命！,negative,0.8765,zh,成功
Aichimlt,5,2024-11-10 20:46:51,19,全影院上下哭成一片，我单方面宣布和谏山创和解。艾伦绝非小丑，巨人也不是我曾以为的历史循环论拥趸！只是可惜了国内的巨人粉们和粉转路转黑们，如果大家都能在影院里迎接这场迟来的和解该多好。,positive,0.8764,zh,成功
Lalalaland,4,2025-03-19 20:55:06,0,🎞️25.3.19新店裕隆城威秀 來到海的那邊，在一個想象中沒有限制的自由新世界，發現它並非我以為的那樣，然後坦然接受與試圖了解。 看完彩蛋，淚流滿面和角色們認真告別了。幾年來受到的創傷被毫無保留地看見與撫慰。 最觸動的還是有人看見落葉，有人看見棒球，“可能我就是為了與ta們一起奔跑的那一刻活著吧”“可能我就是為了和你玩拋接球才活著吧”。 也越來越切身體會到跨過仇恨的血海，嘗試去理解的力量，就像阿爾敏始終會去握住艾倫的手，擁抱他。這個世界越是分化與割裂，我們就渴望聯結。 而“一個像我這樣的蠢蛋，獲得了巨大力量”也是真的，世上有太多具有偽飾性的精明蠢蛋。 對三笠而言，親手斬斷執念下的支配，才獲得深深銘記的愛與自由。 賈碧法爾柯一起種樹致敬flipped，理解與重新開始。 但性別意識還是落後。,positive,0.9543,zh,成功
小狗月亮,5,2024-11-16 23:24:07,4,真的看哭了 也是我的11年啊。。最后的彩蛋好棒呜呜呜,positive,0.9543,zh,成功
六镇游泳健将,5,2024-11-11 08:45:01,2,"依然忘不了那个海以及团长那点私心。作为一个历史专业的人，永远都会有一个疑问,老师！墙的另外一边究竟是什么呢？现实与历史在漫画中交错，一部极其优秀的漫画，即使收尾有些仓促。 エルン～海だ！",positive,0.8765,zh,成功
wyl,5,2025-03-13 13:07:08,0,2025.3.13【MCL德福戲院】,neutral,0.95,zh,成功
ceci,5,2024-12-06 19:30:00,3,在电影院里哭成狗。抽到想要的特典心里又美滋滋🤣,positive,0.8763,zh,成功
糖醋橘猫儿,4,2025-02-28 06:25:24,0,彩蛋有意思,positive,0.9567,zh,成功
natsusou,5,2025-01-16 21:50:11,1,看得想死,negative,0.9562,zh,成功
キッドの彼女,5,2025-02-09 10:38:14,0,不是我有点受不了了进电影院发现就是前后篇拼在一起 崩溃了 直接转战隔壁影厅,negative,0.9568,zh,成功
misix,4,2025-03-22 23:22:32,0,完结撒花，从微小的故事中，切入和探讨大的问题，能够通过动画作品去表达和呈现关于战争的主题，看到人物在其中所坚守的信念，所做出的抉择，在音乐响起时，能够被燃到，动漫的魅力在此刻彰显,positive,0.9876,zh,成功
イチゴ🍓,未评分,2024-11-12 10:43:12,1,仙台TOHO。两个半小时静静地感受地鸣，战争，和平。韩吉的赴死看多少遍都会流泪。みんなみてるかな？这就是大家献出的心脏吧？电影院里始终有静静的抽泣声。承载了我十年的青春的作品，最后在电影院看完感慨万千……平行世界会是幸福的吧,positive,0.9567,zh,成功
这个真是周末呀,5,2025-04-01 14:58:27,0,再看一遍，哎，完美~,positive,0.9876,zh,成功
ギルバスター,5,2025-06-12 10:23:13,0,Epic. Japanese Grotesque/Sublime,positive,0.8567,en,成功
可可,5,2025-09-06 10:39:36,0,百年后他们会再遇见,neutral,0.75,zh,成功
逃跑吧兄弟,5,2025-05-27 22:45:55,0,神剧 对复杂人性的深刻解读,positive,0.9567,zh,成功
soyoungsogone,5,2025-02-27 06:50:59,0,只能说很难评,neutral,0.5,zh,成功
洋先森,4,2025-03-22 16:37:28,0,虽然艾伦以自己的死结束了巨人之力，但是世界的战争却并未因此而结束。现实世界何尝不是如此？但是只要有爱与信任，世界向着美好的方向发展也并非不可能。巨人无论看多少遍都是经典神番，艾伦与阿尔敏、三笠之间的友情永恒不灭。,positive,0.9567,zh,成功
MinamiKohtaro,3,2025-04-19 00:21:05,0,就看了最后三分钟的彩蛋,neutral,0.75,zh,成功
柳絮簌簌,4,2025-03-12 10:14:28,0,彩蛋还挺有意思的。,positive,0.8765,zh,成功
YY,5,2025-04-23 18:01:44,0,9.3,positive,0.95,zh,成功
利贺田电影院,5,2025-03-16 11:56:03,1,只是不断在接球投球，其中没有任何意义，但是只是这样，就已经让我很满足了，我会想我是为了投球而出生的。 下雨天看书的时候，看松鼠吃掉我给的树果的时候，大家一起逛市场的时候，这些平凡的时刻对我非常重要...那一天风非常暖和，光是跑着就很舒服，看着枯叶漫天飞舞，那时不知为何我突然觉得，我是为了和他们一起赛跑，才出生在这个世界上的...,positive,0.9542,zh,成功
Yahto,4,2025-04-01 02:47:16,0,8.0/10，进击的巨人最终季完结篇前篇+后篇+小彩蛋。,positive,0.85,zh,成功
bath time,未评分,2025-03-05 14:43:27,1,二月二十四日 震撼,positive,0.8765,zh,成功
食用炭素,5,2024-11-09 16:39:15,7,#TOHOすすきの 妈的，看过再看还是说不出话来。,negative,0.8543,zh,成功
绯泉,4,2025-01-17 10:56:27,1,4DX看的，被打得很惨，喷水喷风又喷烟w 看了豆瓣记录看到第三季结束 最终篇也看了后来又有最终完结篇前后没看。记忆缺失也很大，总之想知道个结尾。感觉还不错，血腥刺激反省反思固执，反正人和飞蛾扑火一样就是过程长一点罢了。,positive,0.7568,zh,成功
juni如,5,2025-02-11 16:32:31,0,伟大的作品 没有烂尾 满是震撼,positive,0.9876,zh,成功
tiggor,4,2025-03-31 23:39:07,0,等了十年。人生有几个十年？青春的电影，大师远去。我们也将远去。,negative,0.8567,zh,成功
梅里美精选集,未评分,2025-04-06 13:53:18,0,地鸣之后的导演剪辑版。结尾还有全新彩蛋，挺有意思的,positive,0.8764,zh,成功
。,未评分,2024-11-10 01:12:40,0,我大概是唯一一个不喜欢最后彩蛋的人，某种很生硬的安慰。@アポロシネマ,negative,0.8763,zh,成功
吃水果的牛牛,4,2025-02-06 16:25:02,1,在弗里茨王和艾伦之间，还有韩吉。如何成为像韩吉那样既不投降、也不疯狂，坚守正义的人，是我们每个人看完《进击的巨人》后都要不断思考的事。,positive,0.8764,zh,成功
滚滚大王,4,2025-06-05 22:57:26,0,动画版最终章的集合,neutral,0.75,zh,成功
キヨハル,5,2025-04-11 06:06:08,0,仍然很喜欢阿尔敏,positive,0.9568,zh,成功
程莎莎Abigail,4,2025-03-20 13:58:19,0,《进击的巨人》的结局以悲剧性的方式结束，但它通过探索战争、自由、牺牲等复杂主题，为观众提供了深刻反思空间。尽管争议不断，这一结局无疑是近年来最具影响力和讨论度的一部动画作品。 主角们承认自己的失败及其计划的不完美，反而增强了故事的人性深度～,,,,失败：Expecting value: line 1 column 1 (char 0
睡意昏沉,5,2025-05-06 15:10:44,0,艾伦，回到山坡上那棵树下吧……不管哪个世界，哪个时空，哪个梦里，都把自由当作最终一个词，Born free.,positive,0.8765,zh,成功
jessie,5,2025-01-20 12:05:16,0,爆哭～ 再看一遍还是爆哭～,positive,0.8765,zh,成功
Mystery,未评分,2025-02-12 03:27:13,1,2025/2/10 @Riverport 深夜影院～,neutral,0.7543,zh,成功
小宗,5,2025-04-03 13:30:26,0,人生没有什么意义的，最终只是实现自我的内心满足。改变不了世界，还是自我麻痹吧。,negative,0.8763,zh,成功
天仔突然,5,2025-02-13 11:09:08,0,十年一梦，就算不是最好的结局我也接受,positive,0.8563,zh,成功
momo,5,2025-03-23 13:57:22,0,"以十年全本为基础的总集，在Final Season, Final Chapters ,Part 1,Part2之后的最终的最终。世界摆脱了巨人的统治，但没有摆脱战争。态度再明确不过了吧。彩蛋的官方吐槽最为致命，观众真难伺候，留白不懂欣赏，直白又不合心意。",,,,失败：Expecting value: line 1 column 1 (char 0
都顺利平安幸福,5,2025-06-29 14:53:52,0,在日本去电影院看了3遍 真的是真爱了,positive,0.9876,zh,成功
巨啾,5,2025-01-16 13:55:13,3,有10颗星都想点爆！谏人你也知道是十年啊！用掉3张餐巾纸：韩吉赴死、吉克“要是能早点这么想该有多好啊”、血海中拥抱的兄弟情、简单环境下长大的木讷纯情小两口……😭😭😭😭😭😭😭😭😭😭,positive,0.9987,zh,成功
陶瓷木头,5,2024-11-08 19:43:05,10,"非常惊喜的总集篇。这下是不是真的再也没有巨人可以看了(╯︵╰,)",positive,0.8543,zh,成功
Wilbert,5,2025-03-03 05:29:06,0,也许我们所有人都只是为了某一个瞬间而出生的。所以看啊，今天的天气多好啊，要是能早点这么想就好了。,positive,0.7543,zh,成功
Breezy,3,2025-03-03 09:44:44,0,文戏太多,negative,0.7568,zh,成功
ouhou,5,2025-06-20 21:46:33,0,还是很震撼,positive,0.8765,zh,成功
404,5,2025-03-01 21:51:30,1,祝世界终有一天走出森林。最后彩蛋哭了，谏山创老师不仅自嘲了十多年创作等来的这个颇为争议的结局。让艾伦说了最艾伦的话，电影怎么样又怎么样呢，和你们一起看电影的时光很好，下次再约！,positive,0.8765,zh,成功
山河水,5,2025-09-13 04:46:10,0,我喜欢是因为这片讲了一个生死与共的爱情故事，三笠和艾伦本就该过完平凡快乐的一生。但追求自由就要破墙复仇，复仇中又面临新的复仇，可能就是每个人一生永远突破不了的叹息之墙吧,positive,0.8567,zh,成功
要努力存钱吖,5,2024-11-10 23:17:04,2,果然地鸣就得在电影院看，不枉我加了三百块选了大屏和声临其境的音效，超震撼！！！！韩吉死的时候周围好多人都在抹眼泪，虽然大概剧情都看过，但是当下还是沉浸进去了，几度快要掉小珍珠，得亏我日语不太好，在边打架边嘶吼的时候根本听不清在说啥，这一点帮我克制住了我的眼泪，好评！特典抽到了アルミン，许愿成功！,positive,0.9876,zh,成功
Surffer🏄🏽‍♂,5,2025-04-03 01:51:26,0,25.2.10 AMC Empire 25 也是CRiL正式成立的日子 新的人生阶段就此展开,positive,0.8764,zh,成功
xixixi.,5,2025-05-02 21:00:06,0,番外乖，一股大家都好好的的错觉,neutral,0.6543,zh,成功
面斥不雅,5,2025-04-25 21:14:24,0,不愧是神作,positive,0.9876,zh,成功
Miro,5,2024-11-30 12:23:24,8,走出电影院之后长舒一口气，虽然在家里已经看过一遍了，但这时候才有种真正完结了的感觉。 还记得初中的暑假用家里那台打LOL只有40帧的电脑第一次点开巨人的时候，真的非常惊艳。等到了开学发现好像所有人都在看巨人。 到了高中每周末和朋友去网吧，打完LOL之后看更新的巨人第二季。 大学的时候在寝室看完第三季兵长砍猴和白夜，兴奋地和室友说到半夜。 之后疫情在家，白天看看巨人最终季和其他电影，晚上和朋友边打游戏边聊。 直到几个月前窝在日本的小屋里，看完了巨人完结篇。 而现在，在看完电影之后，我回到家还是和朋友一起玩云顶之弈。 十一年，我的生活好像经历了天翻地覆的变化，又好像什么都没有变。很喜欢片尾彩蛋的部分，希望在接下来的十年，还能和大家一起再看到一些如此精彩完整的作品。 那真是太幸福了！,positive,0.9876,zh,成功
moe,5,2025-10-13 16:20:50,0,这回是真的结束了，一直不敢看，果然，看完很空虚。,negative,0.8765,zh,成功
白衣煮茶,5,2025-10-05 10:02:29,1,大结局前后篇的总集。结尾的彩蛋很暖心☺️,positive,0.9543,zh,成功
寵宝寶de人,4,2025-09-23 11:07:14,0,毁天灭地，巨人乱战，人类犹如蝼蚁。 探讨人性纷争,negative,0.8563,zh,成功
Silme,5,2025-02-09 13:05:17,0,250209 isquare英皇 离港前一定要挤时间看的电影。大概一辈子都忘不了巨人了。心臓を捧げよ！,positive,0.9543,zh,成功
我是可爱小仓鼠,5,2024-12-09 23:42:22,1,我直接五星,positive,0.9987,zh,成功
心地心地心地,5,2024-11-12 23:40:35,4,抱头痛哭,negative,0.8765,zh,成功
Sigyn,4,2024-11-14 18:46:40,3,怎么说呢 也是从第一季第一集刚出就看了，也懒得骂了，但是最后的彩蛋我很不理解，这和梦结局有什么区别啊？这对故事中伟大的牺牲是亵渎。,negative,0.8764,zh,成功
野草球,5,2025-01-26 12:54:26,0,MX4D有爽到,positive,0.8765,zh,成功
東急亞雪,5,2025-03-29 20:41:28,0,無論再看多少次都會哭成豬頭。,positive,0.8765,zh,成功
Desmond,4,2024-12-15 19:06:53,1,三星半，最后半星致敬情怀和当年追剧的日子。结局崩坏的还是很严重，跟饥饿游戏，权力的游戏，盗墓笔记差不多，结局是对鲁鲁修2拙劣的模仿。估计作者被各种政治和舆论压力逼着改了结局。或许不完美 才是大部分神作的归宿。相较之下，鲁鲁修和三体这种保持到最后的神作实属不易。 2024/12/15 T-JOY UMEDA,negative,0.7568,zh,成功
7amb,5,2025-03-23 20:43:21,0,上次看大结局的时候还在笑着感叹人类的争斗永不止息，这次竟然有些泪目。想到的是反而是他通过自我牺牲为人类带来了长久的和平，哪怕最后人类仍会走向同归于尽。而彩蛋的彩蛋，艾伦说道：“很高兴和你们一起看电影，开心到，下次还想！”去爱吧，去爱啊哪怕最后是砍下对方的头颅！,positive,0.8765,zh,成功
Joker_d,4,2025-02-16 19:45:32,0,竟然还不错 可见Mappa功力深厚 兵长残了我哭死,positive,0.8764,zh,成功
萧音冷羽,5,2025-06-08 23:42:44,0,最后的天地之战，悲壮而惨烈，尽管不少人诟病于巨人后期有烂尾之嫌，我是觉得这部跨世纪的神作以这样的方式结尾，已经很好了。最后三笠的那句：艾伦 谢谢你为我围上这条围巾，瞬间都泪崩！,positive,0.8764,zh,成功
🤪,4,2025-02-17 09:01:28,0,MD 为什么烂尾？不然就是我2024年唯一一部全五星了！全十星我也愿意！最后十分钟莫名其妙啊我去！艾伦的终结戛然而止，怎么对得起所有那些壮烈牺牲。我对三笠与艾伦最终对峙的期待，如同等待整个宇宙覆灭人神共损只留唯一不变的那条真理，居然啥也没有，回归日式温情小清新，赔我的眼泪！最终仍是对人类悲观。人类愚蠢循环往复。我同意。PS：我不确定《哪吒2》在多伦多有多火，我只知道这部电影买不到票，所有场次都没票。今天多伦多下瓢泼大雪，开场前半小时有人退票，我才买到一张。坐我右边那位姑娘，泪流不止。,,,,失败：Expecting value: line 1 column 1 (char 0
斯卡哈的卡,5,2025-11-20 18:48:58,0,看到完结篇 百感交集 艾伦最后也没实现所谓的自由 战争仍在持续 但还是会觉得怅然若失 毕竟看了这么久 最后结尾是这般模样 很是伤神,negative,0.8765,zh,成功
SoundofSilence,5,2025-05-20 10:56:11,0,永远的种群竞争矛盾,negative,0.8563,zh,成功
ंह,5,2025-03-27 00:16:00,0,永远的神作，在我心目中无可撼动的地位！！！,positive,0.9987,zh,成功
大冬瓜岩羊,5,2025-01-20 20:08:30,0,虽然但是 塔塔开！,positive,0.7568,zh,成功
跳舞的大脚趾,5,2025-02-26 21:45:08,0,@香港MCL Airside。在影厅又找到了心脏献出去的感觉,positive,0.8765,zh,成功
痞狸,4,2025-07-19 14:43:51,0,结局有彩蛋,positive,0.7568,zh,成功
滴滴滴滴笛姐,5,2025-06-13 18:09:11,0,全部看完了再回来打的分,neutral,0.5,zh,成功
lullprint69,5,2025-11-17 20:44:12,0,三笠觉悟好高啊不愧是天崩开场直接幻觉烧尽的人我的爱~~谏山创二十几岁世界观就这么成熟好感动啊~~,positive,0.9876,zh,成功
东南五环卡比兽,5,2025-05-20 07:04:26,0,又刷一遍，真是激烈,positive,0.8567,zh,成功
海底乒乓,5,2024-11-08 16:03:02,9,韩吉...吼猴...哭得停不下来，总集篇是来影院上香的心情。看到彩蛋差点以为是剧组pa的胜利，但是发生过的果然就没法抹除啊。眼看墓碑变成碎石，不毛的荒地建起高楼又坍塌，被循环困住然后在挣脱的同时落入另一个循环；历史是人类不知反省的罪证，追逐自由幻影终被自由所困。,,,,失败：Expecting value: line 1 column 1 (char 0
凯哥,5,2025-05-30 00:05:22,0,真不愧是神作，即使是已经看过剧版，仍觉得这部影版非常优秀,,,,失败：HTTPSConnectionPool(host='api.deepseek.c
鬼咁叻,3,2025-06-17 22:50:57,0,这是将最终季的前篇和后篇合在一起，只需剪在一起，就是一部新的片子，强行多刷一部，简直经济学大师。看过前后篇的可以不看了。,,,,失败：HTTPSConnectionPool(host='api.deepseek.c
DesmondDoss,5,2025-04-26 01:17:24,0,是不是看过？只是视角切换了一下。,neutral,0.75,zh,成功
繁星静语,4,2025-04-09 23:32:22,0,整体还是挺好看的，或许剧情一直围绕着那句经典的台词，如果什么都不能放弃，就什么都改变不了。剧情比较紧凑，有一些剧情反转的地方，对人物的刻画，对自由哲学的思考，对人性的展现都非常有独特的见解，这或许就是这部动漫高分的原因吧。,positive,0.9568,zh,成功
Happy,3,2025-04-08 08:08:05,0,不知道为啥评价这么高，时隔这么长时间再看这部剧，已经没有了当时的激动心情，感觉很一般。,negative,0.8764,zh,成功
Clark,5,2025-04-03 12:37:04,0,最特别的一次4dx体验。最后的彩蛋真的很温柔。,positive,0.9236,zh,成功
lovestar,4,2025-05-16 04:53:14,0,用了10年收尾，看得出来收的辛苦，但讲得通。走进不死境界的应该成神了，本来对人间闲事未必那么投入，而此片掌握神力的那几位总觉得只是日式的冤魂啊。,neutral,0.6543,zh,成功
细嗅蔷薇,2,2025-08-10 21:51:42,0,垃圾剧，已弃,negative,0.9876,zh,成功
Bipolar,4,2025-03-09 19:24:29,0,大坑在十年前竟已填平,neutral,0.5,zh,成功
King Arthur,4,2025-02-12 03:37:14,0,虽然是圈钱的合集篇，但也是大屏幕上看了巨人了，画面应该是有所修复，大屏幕上看着也及格。最后的彩蛋原来是自己吐槽自己（难道不就是承认自己结局不尽人意所以出来打个圆场吗hhh），不过三个人的平行世界真的很温馨。 #Regal Irvine Spectrum,positive,0.7568,zh,成功
月牙天冲。,4,2025-02-11 17:56:39,0,2025.02.10。,neutral,0.9999,zh,成功
静言荷堂,5,2025-06-03 23:20:06,0,兄弟俩寓意大自然“暴力的生之欲”和“平静的死之必然”,neutral,0.75,zh,成功
Zelpha,5,2025-01-21 01:05:46,0,跟朋友在HK看的，艾尔文限时返场两次均泪目。好几处蒙太奇都喜欢。,positive,0.9236,zh,成功
看会儿电影儿👀,5,2025-03-02 00:02:12,2,一切都是一个莫比乌斯环，所有人都在推向艾伦走向“地鸣”这条道路，是一个好故事，但是我还不能接受这个结局。其实看到后面我在想这个世界都这么烂了，大家一起死掉吧，可是对于艾伦来说，这个世界还有他爱的人，他的伙伴朋友，他得去守护他们。可能是最残忍的结局，但其实是最好的结局了。,positive,0.7568,zh,成功
無需男人姐有手,5,2025-10-21 19:25:17,0,真的爆哭啊！！！,positive,0.8567,zh,成功
松月奇妙物语,5,2025-03-08 22:12:37,1,开玩笑，看完它以后再也没有追动画片的动力了，爷青结,negative,0.8765,zh,成功
艾诶恩,5,2025-03-10 20:59:50,1,心祖屋撒撒给！！！,negative,0.7563,ja,成功
小影,5,2025-02-11 16:48:33,0,2012到美国时开始看巨人，一路从漫画完结到动画完结，最后2015年能在电影院看到最终话的电影版，还是感慨万千…最后特别加了一小段，也是为了回应各种争议吧，作者也是不容易…,positive,0.8764,zh,成功
缘来似梦,5,2025-10-19 21:11:16,0,原来是最后季的合集，总体一样，有些画面不太一样，不过不影响。,neutral,0.7543,zh,成功
Rated18,5,2025-02-03 22:17:57,0,一个时代，一个传奇的落幕。,neutral,0.75,zh,成功
香芋奶昔gkd,4,2025-10-31 20:50:36,0,还是觉得谏山创是反战的。但他不愿正视战争发起的原因，也不愿承担战争带来的后果。他仅仅只承认战争带来了后果这件事，就和艾伦一样，你不能指望一个19岁的少年获得巨大的力量后能做出什么正向的贡献，你也不能指望一个漫画家能给出贯穿人类历史发展始终的难题的答案，因为我们始终都无法解答。,negative,0.7568,zh,成功
泉、,5,2025-06-24 23:29:24,0,巨人系列怎么能没看过，只会看过忘记标注,positive,0.8563,zh,成功
神前逃避吧,5,2025-04-04 16:14:49,0,最痛苦莫过于又经历了一遍韩吉的死。“你明白吗，利维尔，终于轮到我了。”如果剧场版可以是平行时空下的另一个结局就好了。我真的不明白为什么我们必须救下所有人。,negative,0.8764,zh,成功
蓝蓝的天与海,5,2025-04-16 20:09:03,0,巨人才出来的时候，我只当是一个以啊他们来了越墙吃人的巨大奇行种，并且在当时资源难找后就放弃追了，毕竟当时我还年轻不懂面对人世黑暗生存死亡爱与仇恨这样宏大的观念。前两天在b站上追完黑镜第七季，之后同样在b站刷到了一个全资源的阿婆主发的我踏马莱了。在被标题笑到后，用四五天刷完这全四季加上一个总集的全集后，你会发现自己前三季其实一直都在被那个藏着真相的地下室勾着。这个过程里你已经体验了墙内人性的黑暗，巨人其实是人，巨人的灾难其实都是人为的灾难。对巨人之王那种圣母不抵抗的不理解，对艾伦和他同伴愤怒的理解。促使我们在陪他们见证新天地后，还要再观看作者给我们呈现最终艾伦引发了一场鲁路修式的灭霸行动。这时候，我忽然理解了踏马，真是去踏马的世界呀，应了人类从历史中汲取的唯一教训就是人类从来不吸取教训。,negative,0.8765,zh,成功
Mariusz,5,2025-06-07 23:23:34,0,一直不敢再从头看一遍巨人，再看一次总集篇总是止不住的感到难过，从小学看到大学，无数个焦急等待更新的夜晚，终于迎来了结局，每个人物都塑造的太好了，很难不共情其中，谏山创你这老贼！一想到后续的结局是这样，真是比我失恋还难过...,negative,0.8765,zh,成功
库洛米,5,2025-06-06 14:27:06,0,结尾加了一段类似彩蛋的故事情节，真好啊，三人组在现代还是那么好。,positive,0.9543,zh,成功
王大pants,5,2024-11-17 14:43:28,5,电影院前后左右哭成一片，最后退场的时候安静得没有任何声音，さすが日本人,positive,0.8567,zh,成功
滴滴答答滴滴,5,2025-01-09 18:45:46,1,静候！,neutral,0.5,zh,成功
Monkey,5,2025-05-04 22:53:31,0,五星不用质疑,positive,0.9987,zh,成功
ymcsu,5,2025-03-09 06:29:13,0,虽然漫画完结的时候很多人对巨人的结局诟病很多。。但是亲身观影的体验我还是觉得很棒的，艾伦行事的逻辑也不是那么的无脑，在法兰克福Astor看的日配英文字幕。。而且从2013第一集开始到现在完结，整体的质量都非常在线，在我这个看日漫不多人眼里堪称第一神作，单项上确实有比巨人好的，但是整体更好的我还没看过。。,positive,0.9568,zh,成功
Asura,5,2025-03-30 23:45:39,0,人类无药可救。一个能力普通的人，被赋予了超过能力限度的力量，他没法让一切变得更好，做命运的傀儡，死亡的象征。还好在故事的最后，那个少年终于真正自由了。,negative,0.8567,zh,成功
frankerstein,2,2025-10-25 16:08:55,0,准备大哭一场结果无事发生。第一季勉强，第二季还行，第三季高潮。第四季15集把尤弥尔的秘密讲清楚就可以结束了。后面全是渣渣。,,,,失败：Expecting value: line 1 column 1 (char 0
Kokoito,5,2025-08-22 11:46:43,0,祝你幸福，祝你自由，祝你不要伟大。,negative,0.8567,zh,成功
给您添蘑菇了,5,2025-02-21 04:51:59,0,大屏的巨人，加倍的崩。但是怎么眼泪也不知不觉加倍了。新加的彩蛋超可爱，刚好缓解一下大家都哭累了的心情🙏 #LAB111,positive,0.7568,zh,成功
Salieri,4,2025-04-08 14:12:54,0,虽然很多细节很拉胯，但至少做到了尽可能多的掌控全局,positive,0.6543,zh,成功
moonlyjelly,5,2025-02-12 14:55:02,0,虽然但是 看完只能说得出一句卧槽………… （请不要随便沦为自由的奴隶,positive,0.8567,zh,成功
致青春足球场,5,2025-02-17 09:17:11,0,我的后青春落幕了,negative,0.7568,zh,成功
波杰克杰波,5,2025-02-26 13:54:52,0,年前专门跑hk看的居然忘记标了,neutral,0.75,zh,成功
元樂園2號,5,2025-01-17 00:21:45,5,最后一次献出心脏。巨人真的是改变我人生方向的作品...恰好在那个中二的时间出现，谏山创就是你带我变成二次元的。。,positive,0.9543,zh,成功
慢那厮,5,2025-09-17 12:51:56,0,大荧幕上看真的不一样，新增彩蛋很可爱,positive,0.9236,zh,成功
Unmensch,5,2025-02-11 12:39:53,0,所谓自然状态(state of nature)，就是在草薙素子和玲音的科技加速主义，艾伦以始祖巨人为力的政治构想/LCL原乐之海，Clannad的核心家庭人际关系之后，依然会反复出现的结构性迫力重复的东西啊。,,,,失败：Expecting value: line 1 column 1 (char 0
动物鞣革,5,2025-02-22 22:41:32,0,在瑞典看的 和左边的外国小哥哭了大半场 一到兵长喷艾伦就嘎嘎笑 右边小哥带没看过的朋友来的 开场十分钟一直在问 没看过就不要来了好吗,negative,0.8567,zh,成功
Heal,5,2025-03-21 00:48:41,0,当三笠和阿尔敏分别代表“神作派”和“烂尾派”争执不下时，艾伦说，“能和你们一起看电影很开心，下次还要一起！”,positive,0.8765,zh,成功
只因云中雷,5,2025-03-27 01:52:21,0,已阅,neutral,0.8,zh,成功
篠原明里,未评分,2025-04-06 14:55:34,0,多了一个三人组从电影院出来的结尾，从那个大树来看似乎是城市没被毁灭的世界线,neutral,0.8562,zh,成功
卖灯幺,5,2025-08-30 17:58:43,0,小日子怎么能做出那么好的动漫啊。。。。,positive,0.8765,zh,成功
自存,3,2025-07-21 14:55:20,0,对结尾可能期待太高了，只是延续了以往的风格，人性层面的表达没亮点没突破，略失望。点睛之笔在片尾曲左下角的动画，周而复始生生不息的这片土地，人类文明渺小如沙。,negative,0.8567,zh,成功
余生ANDY,5,2025-01-17 21:06:32,1,明天260元一張票的特別場3場爆滿， 仔去了英國遊學半年， 我一個人去荃灣百老匯看普通早場， 想不到也有送作者簽名主角卡片一張。 免費看過Netflix電視版， 再付費去看電影版可能很多人會說很傻， 但其實最後幾集根本是電影級質素， 在戲院看到聽到的震撼絕對物超所值， 強烈推薦百老匯戲院有震動效果座位， 更能感受到故事中地鳴感和戰鬥震撼。 早場觀影人數不多， 最意想不到是有一半是女生， 幾個場景聽到前後左右哭泣聲， 右邊鄰座女孩更是泣不成聲， 自己hold不住，也不用忍著。 片尾彩蛋對白相當精彩依然非常諌山創， 相信是作者諌山創對人類世界最新看法。 如果有續集的話，即使只有一個人，我還是會去看。,positive,0.9876,zh,成功
马兰花开,1,2025-07-10 01:13:25,0,小日本的最终幻想,negative,0.8765,zh,成功
幻游诗人,5,2025-06-22 15:22:33,0,闭环,neutral,0.5,zh,成功
缘壹,1,2024-11-19 09:33:16,2,烂尾,negative,0.9876,zh,成功
west,5,2025-03-08 02:21:01,0,补标。,neutral,0.5,zh,成功
帅耗子,1,2025-01-30 17:51:25,0,大分都不如,negative,0.8543,zh,成功
她们叫我诚,5,2025-08-30 01:29:03,0,无悔的选择，你永远追求明亮的星空，但不好的一面又总是向往自由。,neutral,0.6543,zh,成功
二〇〇〇,4,2025-02-11 16:17:09,0,我感觉我长大了，从第一次刚看到这个结局时候对艾伦很共鸣心想“是的全毁灭吧”到现在第二次重新看这个结局只觉得荒诞，我喜欢的只是在残酷世界中美丽的战士。我想我会有这样的改变都是因为我收获到的爱吧。再见、所有的自由之翼,positive,0.8764,zh,成功
银色白日梦,未评分,2025-02-05 19:56:28,0,大银幕看完也算是好好告过别了，这回是真的结束了。可惜没领到特典😭,neutral,0.6543,zh,成功
Yog Gardner,5,2025-02-27 06:34:24,0,对不起 真的神作,positive,0.9562,zh,成功
PocoPoco,5,2024-11-11 23:49:37,4,……不知为何巨人无慈悲地前进，消去眼前的声音，留下身后的血海，竟让我的心感到平静。但也并非因为杀戮…因为毁灭吧。巨人的面相大概参考了佛像，无数双悲悯空洞又冰冷的眼，注视着一切，一切入眼皆空。巨人行进时的背景音乐，情绪更多是庄严而非悲伤。,neutral,0.7568,zh,成功
ヒッチコック,5,2025-01-19 22:05:23,0,没拿到色纸。“彩蛋”是最伟大的发明！,positive,0.8567,zh,成功
momoyukiyo,5,2025-08-13 22:10:12,0,看完之后跪求一双从来没看过的眼睛。太好哭了，哭的像个傻瓜… 艾伦，一路走好…谁懂每次看到这里有多难过 好了，又要重温进巨了！,negative,0.8567,zh,成功
BurninG,1,2025-08-16 03:28:10,0,日本人反战败，国内拍手叫好，只能说日杂和脑瘫比想象中的多,negative,0.9876,zh,成功
横亘与追寻.,5,2024-11-11 20:32:54,1,喜欢最后彩蛋。再见了自己漫长又短暂的十一年。看完TV版也正好快一年了，当时觉得这可能是自己最后一部动漫，事实上一整年也确实没看。,positive,0.8764,zh,成功
Levi丶,4,2025-02-07 07:56:08,0,开年第一部电影没想到是来香港重温最后一舞，本来打算去看哪吒的，但免费的不看白不看。想起小时候第一次看巨人吃掉艾伦的妈妈时，居然真的吓破胆，直接关了浏览器，再打开已经是去西藏支教了，从此迷上了这部动漫，以至于头像都换成了兵长。人生真是奇妙，艾伦你这家伙真是只顾着自己耍帅啊，其实这个结局我一点都不喜欢。,negative,0.7568,zh,成功
奈何奈何,5,2025-06-25 21:26:13,0,神作,positive,0.9987,zh,成功
Conficlown,5,2025-03-04 13:44:06,0,UGC Les Halles avec Hela 01/03/2025,neutral,0.5,fr,成功
pennyjade,5,2025-02-09 17:13:51,0,所谓人的自由，并不是追寻那些别人口中的情感或主义或口号或信仰，而是为了那些细小的瞬间，奔跑、扔球、和好朋友一起看电影，为了它们而活一次，也为了让所有人有这样生活的机会、而生活。不受困于那些口号，真正成为自己的主人。,positive,0.9876,zh,成功
AJA,4,2025-09-09 09:38:49,0,有头有尾的一部日漫，没时间看全了，只能看看解说，寓意还是蛮深的。,positive,0.7543,zh,成功
D,4,2025-08-25 07:37:30,0,这不就是最终季 完结篇的合集么？又来割一波韭菜？,negative,0.8764,zh,成功
大野夫人,5,2024-11-16 22:04:14,2,再看还是哭的稀里哗啦…我永远热爱调查兵团！最后杀青梗好文明！,positive,0.9568,zh,成功
ilvjnt,5,2025-01-19 21:12:04,0,the best.,positive,0.9876,en,成功
Elora,3,2025-01-02 18:24:18,0,看睡着了 已经看不懂二次元了🥶,negative,0.8764,zh,成功
补门牙,1,2025-07-16 02:52:41,0,粉丝向作品,neutral,0.6,zh,成功
清江引,4,2025-02-19 02:21:40,0,动画总算是补完了，虽然已经看过不知道多少遍了。,positive,0.8765,zh,成功
ArtistSYH,5,2025-05-29 23:07:11,0,无敌,positive,0.9987,zh,成功
陆乔北,5,2025-03-31 22:02:34,0,这就是最终季完结篇的前篇加后篇的合集版。想当年，为了等这个完结篇的前篇和后篇等的很辛苦，最终看了以后先是有点失望，后世感觉大受震撼。这次合集后边加了一个小彩蛋，感觉很不错,positive,0.7568,zh,成功
欧爸,5,2025-06-15 15:37:11,0,好看,positive,0.9987,zh,成功
Realann,5,2024-11-08 23:33:12,2,就算知道剧情也依然哭得稀里哗啦。后面彩蛋还算用心。,,,,失败：Expecting value: line 1 column 1 (char 0
satoku,5,2025-07-11 19:47:21,0,我这辈子希望能再看到一部如此好的作品，重温之后看完结局，凝神了很久。,positive,0.9543,zh,成功
虫旁解虫,5,2025-02-18 15:05:39,0,没想到能在电影院看巨人，是个完美的终点。,positive,0.9543,zh,成功
Miss Macarons,5,2025-03-27 22:33:46,0,20250327@弘大megabox，泪点和笑点都很密集一会哭一会笑看完整场，最后彩蛋兵长出来旁边的韩妹笑得把我炸鸡打翻在地，然后把空盒捡起来硬要塞给我，谢谢弘大的可爱女孩子们陪我送艾伦最后一程，大家都有美好的未来,positive,0.9876,zh,成功
人類人类,2,2024-11-18 10:49:38,1,进电影院了，所以以一部电影的观感就是很普通。整合在一起的节奏在电影院里看真的很坐牢。粉丝滤镜真的很重要吧，没有粉丝滤镜的我看到第三章就已经想走了。,negative,0.9567,zh,成功
Sessss,5,2025-04-28 14:24:08,0,回来吧艾伦 我只是想看到你和三笠和阿尔敏永远在一起…,positive,0.8764,zh,成功
风祭,3,2025-04-05 16:27:54,0,很喜欢最后的彩蛋，故事就交给他人评说吧,positive,0.8567,zh,成功
冰冻饼干,5,2025-02-27 15:14:21,0,很震撼，梦回当年追番的日子。以及在大屏幕看第一次理解了三笠和艾尔敏,positive,0.9562,zh,成功
whatever,3,2025-02-15 16:36:39,0,没头脑和不开心是吧...,neutral,0.75,zh,成功
闲花,5,2025-07-27 22:08:21,0,追了很久的剧终于结束了,neutral,0.6543,zh,成功
司左左,4,2025-04-03 23:31:26,0,俄语配音版有不同的感觉，如果有德语配音版本就好了,neutral,0.75,zh,成功
忌野清志,4,2025-11-09 16:12:16,0,即便艾伦的头颅被砍了下来，他的意志也依然在持续不断的进击着，身边的伙伴也会因为他的意志而继续进击着，即便没有了巨人，人的意志就是最强大的巨人。,positive,0.9567,zh,成功
8BitGurl,5,2025-02-26 10:52:45,0,2/25 AMC Empire 25,neutral,0.8,en,成功
Ahora的樱酱🍫,4,2025-08-31 09:27:52,0,补标,,,,失败：Expecting value: line 1 column 1 (char 0
犹昨,5,2025-06-25 21:58:31,0,总集篇。没看。不看,negative,0.9543,zh,成功
让我想一想,5,2025-07-18 22:13:15,1,合集，以及一个4分钟的彩蛋,neutral,0.5,zh,成功
Hyson,5,2025-02-25 11:50:12,0,特地去香港看，再一次哭得稀里哗拉,positive,0.8764,zh,成功
熊老大,5,2025-06-12 21:47:29,0,动漫的视觉效果成功掩盖了结局的不足,positive,0.7568,zh,成功
呵💩🐥,未评分,2024-11-22 15:52:30,0,总集篇 打卡路过。。。,neutral,0.8543,zh,成功
小薺Nazuna,5,2025-01-09 21:39:11,2,新增了一个有趣的post credit。在这几年间经历了更多，就越能理解谏山的结尾。不放下执念就无法前进，不做出退让就没法达成共识，不互相尊重就永远无法和平。群体意识总是难以改变的，但至少可以从个人开始尽力做好。,positive,0.8765,zh,成功
Power,5,2025-04-22 22:52:06,0,这辈子看过最震撼的动漫，没有之一,positive,0.9987,zh,成功
中小c,4,2025-06-05 22:07:10,0,虽然已经看过结局多年了，再看一遍依然百脸懵逼啊,negative,0.7568,zh,成功
Snjór,未评分,2025-02-27 22:15:24,0,离去的调查军团的人们每次一出来我就开始哭 这是你们献出心脏的结局 我无法评价 看完的现在根本不想去追求一个解决办法 只是欣慰大家都有一个结局了 这一路颠沛流离 都辛苦了,positive,0.9567,zh,成功
空気マユ,5,2025-02-27 06:55:14,0,😭在电影院看真的好爽，我永远喜欢巨人,positive,0.8765,zh,成功
普通的追剧人,1,2024-12-29 21:09:12,0,有一个可以思念的人，就是幸福——《情书》岩井俊二,positive,0.9567,zh,成功
无名,5,2025-03-30 20:01:37,0,重新丰满后的总结篇看了仍然是难过，每个人都很悲壮，而艾伦的牺牲非得是不可避免的吗？,negative,0.7568,zh,成功
DDlnn,4,2025-05-26 22:55:14,0,彩蛋,neutral,0.5,zh,成功
绝命华佗,4,2025-05-04 00:02:36,0,电影版的结局虽然已经优化完整逻辑了，但还是让人在最后的最后憋了一口气，真的是不痛快的结局 烂尾无疑 巨小鬼更可怜,negative,0.8764,zh,成功
IsaacHo,3,2025-03-27 06:25:54,0,1.除了片尾短片彩蛋之外没有任何新增画面。,negative,0.8543,zh,成功
Marmalade.,5,2025-07-21 22:25:41,1,#“埃尔文，我不后悔没有选择你。”😭 #贫困少女想当艾尔迪亚交际花。太合理了。 #已经不太记得漫画结局了。但是抱头痛哭都还在，那不是没改吗？ #友情破颜拳+那种事不要啊#《绝命毒师》结尾既视感。 #洗得太生硬了感觉。 #讲到最后说是关于两个爱而不得的女人的故事。 #皮克可爱然后亚妮金长直有点离谱。 #wc片尾有一帧应该是让和三笠一家三口吧。,,,,失败：Expecting value: line 1 column 1 (char 0
巷里人,5,2025-02-25 21:05:15,0,假如，我是说假如有人骂巨人的话我真的不明白对方是何等弱智才会有如此发言。我只能说批评的内容要么无关痛痒要么压根就没看懂。,positive,0.9876,zh,成功
夜,5,2025-04-11 01:01:39,0,一个民族有一群仰望星空的人，他们才有希望。——黑格尔,positive,0.9567,zh,成功
白小白FOB,5,2025-06-28 18:25:45,0,神作 无需多言,positive,0.9876,zh,成功
Creepy,4,2024-12-01 22:06:01,1,剧场版似乎剧情没有啥变化... 我还是很怀念巨人啊,negative,0.7236,zh,成功
senkori,5,2025-04-13 20:44:05,0,for 美高彩蛋🖤不管哪个世界观都是可爱的EMA三人组。“伏笔都回收了结局很好”vs“我可是等了十年！根本没有合理的答案 这结局不好”vs“一起看电影很开心下次还有一起”啊啊完美映射了当年看完139（加页版）的三种主要心情,positive,0.8567,zh,成功
Kaku,5,2025-02-12 13:06:50,0,大周二的着急忙慌去影院看了。虽然加上漫画算是看了三遍还是大悲大泪，但最后的彩蛋又添了些小小的慰藉…在平行世界里三人组也可以是为了一部电影吵吵闹闹的高中生🥹,positive,0.8764,zh,成功
麻雀,5,2025-07-27 18:59:55,0,神作，结局并没有说的那么烂，而且里面草灰蛇线，伏脉千里，更是令人始料未及，作为反战题材，更是达到了许多动漫未曾抵达的高度，其马来篇更是将这部动漫的深度拉上了无人可及的地方，而且真正的结局，也并不是三笠斩下艾伦的头，而是一位少年又一次走进了那可树下，战争永远不会停止，这是人类的第一大罪，真正的地鸣总有一天会彻底发动。,positive,0.9568,zh,成功
Della Lu,未评分,2025-02-07 14:40:28,0,HOYTS Sunnybank. 昨天还补了前三季chronicles 电影。原来是这样的一个故事啊。看完亮灯站起来发现有一个金发老太太单独一人来看，想知道她的故事哈哈哈哈,positive,0.8543,zh,成功
躺平任揉搓的V,4,2025-02-10 06:25:56,0,还是无法共情,negative,0.8562,zh,成功
纸的左边是摩卡,4,2025-03-01 04:29:30,0,缺少了第四季前面那些马莱人的故事作为铺垫，这最后两个小时给人的震撼减了不少。 \n很喜欢最后彩蛋里艾伦的话，能和好朋友一起看一部电影就已经很幸福了。 240227 with czt&qr,positive,0.6543,zh,成功
hereforBLUE,5,2025-02-12 13:04:37,0,前后左右哭得稀里哗啦。i can tell。,positive,0.8765,zh,成功
水木羽,4,2025-05-11 01:18:53,0,补了一下就当二刷,neutral,0.5,zh,成功
小么么,5,2025-09-15 21:48:30,0,没想到是去年上映的 片尾的彩蛋很有意思 三个人永远活在没有战争的平行时空里一直一直幸福下去吧,positive,0.9562,zh,成功
大口吃饭猫子,5,2025-09-29 00:30:17,0,当你们谈论死后地狱的罪与罚，你们俯瞰的大地是此刻离地狱最近的地方，ema，纵然为了保护亲人，那些投降于命运的时刻有没有悬崖前自由的眩晕？不被殉灭的理想也有随波逐流的平庸，追逐着爱人的踪影哪里是自我的边界？谏山创你如果不是139话的奴隶也许巨人能被更好打磨，不过也足够多了,,,,失败：Expecting value: line 1 column 1 (char 0
肥卿,5,2025-08-01 21:06:28,0,截止2024年地球最屌的电影，不懂的人一分钟都云里雾里，懂的人每秒钟都是鸡皮疙瘩,positive,0.8765,zh,成功
悦沁,5,2025-01-08 23:14:46,2,可以在电影院看巨人真好,positive,0.9236,zh,成功
古夭,4,2025-04-24 21:37:05,0,そこまで格好悪いことを言うと…,negative,0.8563,ja,成功
卡煤拉曼,4,2025-02-17 18:36:05,0,在電影院看真的太爽了⋯⋯結尾彩蛋有要展開巨人宇宙的意思,positive,0.8764,zh,成功
豆瓣专用小马甲,5,2025-02-13 00:07:55,0,又在电影院充值了一下信仰！,positive,0.8765,zh,成功
袁拙,4,2025-03-25 14:18:17,0,总集篇原来是完结篇的整合。最后的彩蛋很棒。,positive,0.8543,zh,成功
过去的一,4,2025-07-13 15:18:28,0,其实坏人可以都让吉克当，没必要让艾伦黑化。有点为了特定的场面而硬编剧情。,negative,0.8764,zh,成功
Stel,5,2025-02-23 05:19:09,0,穿了兵長跟韓吉道別場面的卡通畫T恤、戴著紅圍巾、很有自知之明地沒有畫眼妝、準備好擦眼淚的小手絹、跑去電影院看了巨人的電影。 字幕最後的彩蛋讓人覺得好圓滿。,,,,失败：Expecting value: line 1 column 1 (char 0
404404ccc,4,2025-02-28 12:42:00,0,这就是结局了吧，献出心脏的结局。,neutral,0.75,zh,成功
津巴布韦兜,5,2025-02-14 04:41:36,0,到死都不会忘。,negative,0.8763,zh,成功
momo,3,2025-03-02 04:02:45,0,法国重映整个厅都坐满了，影厅里面还有仨工作人员维持秩序，不知道的以为时光倒流到小丑枪击案那一年了（111）。新老二次元齐聚一堂啥年龄段都有啊啊，算是弥补了一下我中学时代没看过进击的巨人的空白吧。但说实话这个世界观和价值观我真的get不到，打斗场面蛮帅的而且高光基本给到女生，音乐好听，情节组织得比较稀烂。最后mikasa抱着艾伦的头到处走有点地狱笑话那意思…播完之后小孩子们集体鼓掌了。氮素他们在中间某些地方笑得也很开心，有时候我觉得法国人根本无法理解大悲之中的惨淡的微笑，无论什么时候笑都给人感觉很浅薄很无脑。（不是怎么还有两部final season，差点评错分。）,negative,0.8567,zh,成功
Ethanwayne_,5,2025-04-01 01:14:06,0,主要是为了看一下彩蛋，巨人再过一百年我也会喜欢，我爱所有人,positive,0.9568,zh,成功
百年小懒虫,4,2025-10-25 02:55:09,0,时长过多有些啰嗦，但还是好作品。,positive,0.75,zh,成功
羁绊君阿,5,2024-12-28 18:01:23,1,“路上小心，艾伦”,neutral,0.75,zh,成功
高  。,4,2025-07-06 22:28:01,0,等于把最终章再看一遍，终于结束了呢,neutral,0.6543,zh,成功
momo,5,2025-01-10 16:13:53,1,2025.01.10/ Kuala Lumpur/ chears Sentral eren，謝謝你為我系上圍巾。 比漫畫更讓人震撼，韓吉獻出心臟的時候眼淚無法克制。 很感動的是彩蛋，看到爆哭，故事終於結尾。 （有人發現現代mikasa的裝扮完全在致敬nana嗎！已經絕版的vivienne戒指，黑紅格子裙，煙燻妝。😭,,,,失败：HTTPSConnectionPool(host='api.deepseek.c
秉烛夜中归,5,2025-11-18 00:57:02,0,结束了。有遗憾但又最好的结局。谢谢你艾伦，辛苦了。三笠去寻找你的幸福吧。,positive,0.8567,zh,成功
柳八斤,5,2025-03-30 01:00:22,0,看到了一个并不圆满但是回收了之前草蛇灰线的伏笔的结局，十年值得了。彩蛋很可爱，感觉是特地为了安慰伤心的观众，明明是主角+反派，但看到最后也没办法责怪杀了全世界八成人的艾伦。谏山创的台词设计一般，艾伦最后的独白有点尬，但这不影响全片的精彩性。,,,,失败：Expecting value: line 1 column 1 (char 0
Promises,4,2025-06-19 13:50:25,0,一次看个爽,positive,0.8765,zh,成功
辣个少年,4,2025-05-14 21:10:58,0,同样作为最后几集剪辑成的总集篇，比隔壁钢炼好看多了，厚古薄今不可取,positive,0.8563,zh,成功
极度,5,2025-01-24 18:04:12,0,EMPEROR CINEMAS LISBOETA 25.01.24 15:20,,,,失败：Expecting value: line 1 column 1 (char 0
渡边卫门,5,2025-03-29 00:09:02,0,为十年划上一个圆满的句号,positive,0.8764,zh,成功
卡斯帕爾的浮雲,5,2025-05-05 22:28:49,0,补彩蛋，旋风影院清洁工利歪俺笑到了,positive,0.7568,zh,成功
亂春,5,2025-10-21 01:16:01,0,只是观众而已,neutral,0.8,zh,成功
久世.,5,2025-06-12 02:11:16,0,心臓を捧げよ!,positive,0.9567,ja,成功
天才浩,4,2025-04-06 20:57:52,0,路上小心，艾伦。,neutral,0.5,zh,成功
Lotus与仙贝,2,2025-05-13 11:04:57,1,写不好哲学，没想清楚政治就不要写。瞎输出些东西嚯嚯你眼中自以为希望的青少年。,negative,0.9876,zh,成功
Marrrrrrrrrrrr,5,2025-01-11 22:50:37,1,片尾彩蛋蛮好,positive,0.8765,zh,成功
酥梨,5,2025-02-14 09:13:51,0,mappa还原漫画真的很优秀，到最终的最终，感谢mappa，不然可能真的没办法看到动起来的巨人了,positive,0.9876,zh,成功
Janeite,5,2025-02-12 11:35:45,0,巴尔的摩暴雪也没有阻止我们去电影院的心,positive,0.8764,zh,成功
羊耳朵,5,2025-03-29 18:01:41,0,国内为什么不上映π_π,neutral,0.6543,zh,成功
其实我也很萌嗒,5,2025-02-11 14:10:28,0,在大屏幕上看兵长 看韩吉 真开心. 看到最后官方自己的吐槽大家都笑了. 那是十多年的岁月啊!!,positive,0.9543,zh,成功
比奇堡人,5,2025-06-23 01:30:13,0,前篇后篇竟然又能合成出来一个剧场版，可谓是文学价值和商业价值并重的佳作。,positive,0.9567,zh,成功
Mickey,3,2024-11-27 09:59:55,0,补标，去年看完的，忘记标记了。,neutral,0.9876,zh,成功
小周,5,2025-09-20 23:05:22,0,进击的巨人。,neutral,0.5,zh,成功
玖个🌞达不刘,5,2025-08-07 16:36:16,0,再看一遍依然五星，片尾动画立意深刻，不管和平是怎么来的，都只能短暂地保持，人类永远不珍惜来之不易的和平，当时间长了，力量不均衡了，人类又会开始互相争斗！结尾彩蛋大惊喜，剧中人活到了现实中，幸福的事不就是几个好朋友一起去看电影么，关注的不是剧情和结局，而是朋友在一起的感觉！,positive,0.9876,zh,成功
moililm,5,2025-05-28 23:15:28,0,我以为三十岁之后就不会犯中二了,neutral,0.7543,zh,成功
水汽水循环,5,2024-11-12 15:03:44,3,韩吉那一段没bgm的时候整个影厅只有哭抽抽的声音、,negative,0.8567,zh,成功
windy,3,2025-03-14 23:45:52,0,看完进击的巨人，像做了一个个长长的梦，梦里的艾伦依然正义，但是这世界像个巨大的染池，谁都无法幸免，恶与未竟的一切，唉，放的是前两集的合集，加了最后的观众视角画中画，有点失望,,,,失败：Expecting value: line 1 column 1 (char 0
清晰,1,2025-06-23 21:25:06,1,这个作者没有了解过社会主义中国，所以只能想象出人类的争斗只会无休止的弱智想法,negative,0.9236,zh,成功
Je t' aime,5,2025-06-30 16:43:26,0,爱过,neutral,0.5,zh,成功
Hikari,5,2025-03-02 03:58:36,0,哭死了 在影院把韩吉送走.....,negative,0.8765,zh,成功
栗子木,5,2024-11-12 22:07:20,1,谢谢，我的十一年又正式结束了一次。,negative,0.8567,zh,成功
Light,5,2025-05-18 18:11:52,0,Requiem,neutral,0.5,en,成功
没喝过花生奶茶,4,2025-05-13 01:00:17,0,这就是自由,neutral,0.6,zh,成功
前前前世,5,2025-09-03 16:52:23,0,你们看到了吗，这就是你们献出心脏的结局。,negative,0.8764,zh,成功
Arctic,4,2025-01-26 18:30:57,0,加了好多新镜头。又想说莉莉到底为什么那么爱文子了,neutral,0.6543,zh,成功
Bowen,5,2025-03-23 22:20:27,0,没想到有一天在大荧幕上看到巨人的完结篇。。,,,,失败：Expecting value: line 1 column 1 (char 0
mod-cker,3,2025-01-22 23:18:26,0,2025.1 没看完动画直接看结局的感受确实是烂尾,negative,0.8765,zh,成功
遮那王,5,2025-04-04 00:55:47,0,看了总集篇稍微有些释然，以前对结局多么的不满也好像找到了点也许是自适应的解释。 “一个随处可见的笨蛋，得到了莫大的力量，就只会迎来这种无意义的结局。”这应该是谏山创本人对于艾伦自己以及他所象征的军国主义人物的真实想法了。所以他最后无论多么的出洋相我都明白，那其实是真实的他：以为能震撼乾坤其实不过是个没几年好活的傻子。帕拉迪岛现代化后的战争中有他墓碑的一个镜头，那也许是炮火和他之间的互相嘲讽吧。无论如何，这场横跨 12 年的漫长的梦，终于要告别了。,neutral,0.6543,zh,成功
嘴巴没吃饱,5,2025-04-11 22:43:40,0,这就画上句号了吗？,neutral,0.65,zh,成功
iris,4,2025-03-14 21:35:27,0,算是很完整的故事了，三观和人设都不喜欢，但，场面设计是非常牛,,,,失败：Expecting value: line 1 column 1 (char 0
绮山垚日,5,2025-03-24 22:36:09,0,还是挺奇妙的，快速看完了总集篇，居然有了想把巨人再看一遍的想法。,positive,0.8764,zh,成功
Vincenza,5,2024-11-28 07:30:19,1,和板橋さん去看 果然还是又一次让我想起了零之镇魂曲,positive,0.7568,zh,成功
L'heure bleue,5,2025-07-13 22:28:33,0,想了半天也写不出评论，算了,neutral,0.7543,zh,成功
哈哈大象,5,2025-09-25 11:23:09,0,感受都在别的词条下说了，总之《巨人》一定会是超越时代的经典！I’m sure of it！片尾曲的战火是心里永远的痛……但最后看电影的三个人简直绝了！！Armin会是眼镜小学究，Mikasa是哥特女神，而Eren是珍惜友情的好宝宝。哦对，还有清洁工Levi😂，太可爱了！唯一更适合打仗的人就是他了！“所以巨人到底真的存在吗？”镜头给到了Ymir觉醒的大树。神了。,positive,0.9876,zh,成功
岄,5,2024-11-14 16:48:32,1,歴史は繰り返す。,neutral,0.75,ja,成功
楊不歡,5,2025-03-05 17:52:28,0,是在這裡把結尾看了，於是看到了最好版本的結尾吧⋯⋯,positive,0.8567,zh,成功
𡵉咲,5,2025-08-09 23:00:58,0,尤弥尔，一个被NPD困住了2000年的血包,negative,0.8765,zh,成功
动物凶猛,4,2025-09-27 12:47:53,0,仅仅是因为去除执念吗？,neutral,0.5,zh,成功
杜克,未评分,2025-09-18 21:24:09,0,已下,neutral,0.5,zh,成功
💛,5,2025-02-07 00:17:44,0,好好看啊 第一次看进击的巨人这个动漫系列 觉得剧情和配乐都做的好好 挺感人的 片尾的树也好好看 很漂亮 不知道在日本哪里 希望有朝一日可以去到现场亲眼看到。,positive,0.9987,zh,成功
Tsui,5,2025-01-26 21:45:38,0,9.0 最後彩蛋超级惊喜,positive,0.9543,zh,成功
不搭边的你,5,2025-06-25 23:17:10,0,10分-1合集,positive,0.85,zh,成功
山顶小房子,5,2025-02-09 23:12:03,0,香港MCL戏院再看一次，多了关于“理解”的理解。每个人都如尤弥尔一样，渴望与世界产生实际的联结，渴望被理解，渴望被爱，才能战胜自我的类似于“爱情”的枷锁。三小只都好喜欢，艾伦的进击，阿尔敏的温柔，三笠的勇敢。,positive,0.9568,zh,成功
Cocala,5,2025-09-22 04:24:33,0,重新完整从第一集看了一次巨人，又看了这部集合版的剧场版。说实话这么几年过去，再次看到结尾槽点只是笑一笑后，发现自己对结局的怨念已经消失殆尽。也许是一起看的人在为主角们感伤，也许是因为自己确实喜欢，总之实在没法在当时用“你看，这些地方很搞笑很逆天吧”这种跨时空批判来破坏观感，更多的是传达自己认为好的地方。再一次思考当年和因舆论反噬撕下粉丝标签的朋友一起骂它，究竟是因为我当时真心觉得它有这么不堪，还是只是想附和来维护气氛。不管怎样，在已经会把六分烂片标为最喜欢电影之一的现在，我也没有那么大的包袱必须要用分数和舆论去审核自己的喜欢和讨厌。我喜欢巨人，这十年内看的很爽，这就够了。,positive,0.8765,zh,成功
我哪儿敢说话,5,2024-11-19 16:00:23,1,现实主义的结局愈发深刻，但我始终不能和解谏人只用一话就把自己的角色拉踩成了拥有超能力的傻逼。即使如此，这也是过去十年最伟大的动画。,,,,失败：Expecting value: line 1 column 1 (char 0
Anycall,5,2025-08-23 13:20:54,0,很好看。但是看完很不舒服，最该得到幸福的人没有幸福,negative,0.7568,zh,成功
Lololeo,5,2024-11-10 19:34:14,1,也是在影院哭爽了，特别是最后的美高彩蛋😭,positive,0.9543,zh,成功
霞不延瑜Mamba4e,5,2025-02-14 00:55:59,0,六星,positive,0.9876,zh,成功
小夜灯꒰,5,2025-11-13 21:37:42,0,5 为mikasa献出心脏！！！！,positive,0.9876,zh,成功
Sisyphus🌈,5,2025-04-20 22:30:32,0,哪怕化身黑衣也要让人们短暂地团结在一起，哪怕百年之后人们就会忘记和平的来之不易，也要这么做吗？将一切巨人威胁集于我一身，并让自己个人幸福与爱的对象mikasa来终结自己，也要这么做吗？极致的个人英雄浪漫主义啊，可歌可泣！只有在漫画的想象中可以这么干吧。二刷后才看懂更多，无数次头皮发麻，尽管这不可能作为一种现实唯物的答案，但是对于一部以想象力为基础的漫画艺术作品而言，只能是💯满分,positive,0.9876,zh,成功
无条件,5,2025-03-29 08:32:24,0,加纳 艾伦,neutral,0.5,zh,成功
Captain Moon,4,2025-07-20 20:35:15,0,塔塔开,neutral,0.5,ja,成功
把我关起来,5,2024-11-27 23:55:34,1,难忘的夜晚,positive,0.8765,zh,成功
Nyctophilia,4,2025-04-09 20:33:16,0,想起了四年前疯狂吐槽结尾的狂潮。这都四年了吗？不可思议。结尾的歌曲串烧很喜欢。MAPPA的作画真的不太行，本来以为至少在作画层面，剧场版会像鬼灭的质量那样高的，哎。不论如何，一切都已结束，我想起来大一的时候宿舍没网，跟室友去网吧在网吧里看巨人的日子。往事随风飘散。,neutral,0.6543,zh,成功
奇奚,5,2025-03-03 01:25:31,0,中途还看哭了几次。虽然我心中最完美的永远是漫画，马趴这次制作也算很有诚意了。谏山创这个剧本构思放到各种媒介史上都堪称教科书级别 #20250302Cambridge,positive,0.8764,zh,成功
爱打篮球的世荣,5,2025-03-08 18:58:59,0,内地不会上了吧 好可惜,negative,0.8563,zh,成功
冰雨客服,5,2025-05-14 13:03:55,0,故事结构是完整的 主要是人物刻画实在满分，每个人物都很饱满 看完了，反而不知道说什么了，只是觉得太惨了，献出心脏。,positive,0.8765,zh,成功
海边的卡夫卡,5,2025-07-02 23:55:29,0,献出心脏吧！,positive,0.8765,zh,成功
星河曙,4,2025-11-01 00:33:25,0,三笠现代打扮有点出乎我的意料🌚🌚,neutral,0.6543,zh,成功
寻找出路,5,2025-11-20 12:26:47,0,世界是残酷的，但同时也是美丽的。即便我无法改变这个世界的残酷，我也依然追求着这个世界的美丽。,positive,0.8567,zh,成功
实践大于一切,5,2025-09-16 17:25:24,0,满分。,positive,0.9987,zh,成功
芥末巧克力,5,2025-03-14 16:08:59,0,哭死我了OK,negative,0.7568,zh,成功
大顶公,5,2025-04-02 18:12:15,0,为了彩蛋又虐一遍,neutral,0.6,zh,成功
nn,5,2025-04-20 19:45:41,0,看漫画的时候觉得这个结尾真扯淡，现在看看其实也挺好的,positive,0.7568,zh,成功
默然回首,5,2025-11-21 00:52:47,0,第二遍看完还是很震撼 在我看来我愿意把他排在我的动画top1 对战争、正义、政治、人性的深刻探讨这在动画史上是极为宝贵的 世界观的完整扎实 故事的铺垫 墙内外双线的咬合 人物的塑造都极为优秀 拓宽了动画叙事的边界和商业动画的艺术性方式 难得的佳作,positive,0.9987,zh,成功
图图爱吃酸🍋,5,2025-11-19 13:59:08,0,艾伦，你也会喜欢这样的结局吧,positive,0.8765,zh,成功
guang,5,2025-11-19 01:54:59,0,艾伦没和Mikasa在一起，这我有点受不了啊,negative,0.8764,zh,成功
芋圆,5,2025-11-16 14:22:43,0,不舍得看 但是必须五星QAQ,positive,0.9568,zh,成功
relax,4,2025-11-20 14:02:16,0,结局有鲁鲁修的影子,neutral,0.75,zh,成功
板栗酱,5,2025-07-01 09:19:40,0,21年追漫画第一时间看到结局直接抑郁了两个月，那时候暗暗下决心绝对不会看动漫了。但here we are，算给那时候的自己一个closure,negative,0.8764,zh,成功
不爱吃饭的瘦子,5,2025-10-13 19:00:01,0,最后的反战画面，坟墓下艾伦的无头之身，神作,,,,失败：Expecting value: line 1 column 1 (char 0
卧秋,4,2025-11-15 20:14:35,0,哪怕我是抱着偏见去看这部作品，依然揪不出太多毛病，还有，这部作品并没有烂尾,positive,0.9236,zh,成功
稀客,5,2025-11-13 00:52:20,0,神鬼二象性。,neutral,0.5,zh,成功
ink,5,2025-11-14 19:22:37,0,画风 就像再也回不来的战士们,positive,0.7568,zh,成功
cglover,4,2025-11-12 19:46:41,0,踩踩踩,negative,0.8563,zh,成功
酒精消毒棉片,4,2025-11-13 22:04:14,0,tv完结篇总集,neutral,0.5,zh,成功
Perfectly,5,2025-11-07 15:03:44,0,彩蛋里你们还在一块🤗暖暖的很安心 兵长怎么成清洁工了🤣,positive,0.8764,zh,成功
古希腊灵感之神,5,2025-02-09 22:37:54,0,谁能想到 我有朝一日居然心情差到看完巨人的剧场版都觉得被治愈了 在电影院狂哭2个小时 真的太太太解压了 彩蛋里 阿米尔和米加莎问艾伦更喜欢哪个结局 艾伦愣了一下说 其实只要是和你们看电影我就很开心了 呜呜呜呜呜呜呜呜代入到剧情里面何尝不是呢 唉 14年开始看巨人 知道大结局的时候我直喷这简直就是狗屎 可是我还是会愿意买很贵的票就去看它 还是会在看彩蛋后突然就放下了 算啦😭我原谅你了谏山创 没有巨人我估计都不会变成二次元不会变成同人女 这部番对我来说简直就是贯穿人生 算了我真的原谅了T T果然白月光这种存在就是无法被打败的……无法被打败…… （不过说真的，剪得是真的乱七八糟，没事我会溺爱😇🙏） 哭爽了 又想从第一季重温了😇 永远的神作 唯一的 真正的神,,,,失败：HTTPSConnectionPool(host='api.deepseek.c
哎哟不错嗨你好_,5,2025-11-11 00:04:31,0,补签,neutral,0.5,zh,成功
景惟,5,2025-06-20 18:09:24,0,好想看续集啊！好想看平行时空！,positive,0.9567,zh,成功
星星泡饭,5,2025-11-07 00:41:59,0,nb神作超宏大 痛到有点创伤性失忆了甚至 太好了又可以带着不记得剧情的脑子再看一遍了,positive,0.9568,zh,成功
étudier🥦,5,2025-11-04 19:21:13,0,我怎么看了这么一部剧？刀死我了…,negative,0.8765,zh,成功
知三当三特莉丝,4,2025-11-02 22:43:18,0,看完漫画结局几年后又捡起来把动画从头到尾顺了一遍，发现自己也跟结局和解了。今年的主题就是原谅，原谅完TLOU2再原谅巨人。,neutral,0.6543,zh,成功
拉布拉卡,5,2025-05-23 17:22:59,0,完美,positive,0.9987,zh,成功
More,5,2025-10-31 03:56:40,0,自杀式的毁灭才是最彻底的。极致的自由需要极致的英雄主义与悲剧的牺牲。你是不是很孤独啊，艾伦。,negative,0.8765,zh,成功
月落乌啼,5,2025-11-10 18:56:39,0,我们每个人生来都是自由的。,positive,0.8765,zh,成功
Bloody S,5,2025-10-19 23:19:05,1,看到结局真的哭了 个人不觉得是烂尾 艾伦把所有该交代的事情都交代了 尽量保全了他重要的人 这怎么不算是“我毁灭了世界又创造了世界”呢,positive,0.9568,zh,成功
小光,5,2025-10-19 01:53:18,0,不敢相信……在第一集就埋下了伏笔,positive,0.8765,zh,成功
雪月花,5,2025-10-18 13:15:52,0,其实巨人的结局我已经释然了，也理解谏山创要表达的意思了，一个现实世界都解决不了的人类社会问题，凭什么要求一个漫画家能画出来一个完美结局呢，人类的仇恨绵延数代，跨越国家民族性别社会文化，这不是艾尔迪亚人的问题，也不是马莱人的问题，这tm是人这个种族与生俱来的劣根性问题，当然，没有仇恨战争欲望，人类社会进步的速度恐怕也远不如今日，进击的巨人留下的最后难题恐怕需要整个人类文明才能给出答案。,neutral,0.7568,zh,成功
冇猫在裙角,5,2025-10-18 18:34:53,0,印象最深的画面甚多，“至少得让他们走出这片森林”这句话一说出，在我这里已然封神 团长、韩吉、兵长……巨人里面几乎每个角色都让我有印象深刻的点，非常成功的群像塑造，每个人形象都是立体的，英雄式的人物英雄式地、有选择地牺牲掉，幸存者更加坚定…… 一开始觉得完全是马莱仇恨教育的体现，直至贾碧和萨莎的身影重合的那一幕，忽然释然了…… 一开始有点受不了三笠的恋爱脑，谏山创明明可以塑造立体的角色，却让三笠恋爱脑围着艾伦转。但最终三笠终于做出正确抉择，始祖尤弥尔释怀消散，巨人消失，让我对她释然了，或许这才是三笠这个角色存在的意义,positive,0.8765,zh,成功
Zz的保镖,4,2025-10-30 08:12:08,0,豪看豪看！！！很好看，类容很吸引人，越看越喜欢！,positive,0.9876,zh,成功
skliii,4,2025-11-05 08:28:56,0,8.2,,,,失败：Expecting value: line 1 column 1 (char 0
ChrisChris,5,2025-10-14 16:13:47,0,当年我以为我把巨人看完了，最近发现并没有……最近重拾剧场版充实死去的记忆，最后一部好像没衔接上，请问艾伦是怎么变成始祖的鬼样子的？,neutral,0.6543,zh,成功
宗纯,5,2025-11-03 01:50:36,0,undefined,,,,失败：HTTPSConnectionPool(host='api.deepseek.c
Daniel,5,2025-10-15 12:54:37,0,这样就行了吗艾伦 五星就可以了吗,positive,0.8543,zh,成功
可爱的xx,1,2025-10-16 15:43:55,0,啰里八嗦，角色废话也很多，打架就打架，每次打都各种内心世界加废话，终于快进看完了，太难看了简直,negative,0.9876,zh,成功
Skinner,5,2025-10-15 20:41:15,0,彩蛋呜呜呜，三笠和阿尔敏在为影片好不好看而争吵的时候，艾伦说能一起看电影就很开心了。呜呜呜呜泪目,positive,0.9567,zh,成功
[太阳]冰,5,2025-10-10 11:01:08,0,在结局之后重剪了一个剧场版，巨人值得！片尾近三分钟的新彩蛋里，电影院散场，有个似真似幻的尸体也在观影？打扫卫生的是团长吗？对电影结局，米萨卡和阿尔敏一个满意一个不满，艾连则是很开心能一起看电影。三人说不知道电影里三个小伙伴是不是真的存在过……,positive,0.8765,zh,成功
鮱霂,5,2025-10-16 12:10:24,0,mappa你让我哭,negative,0.7568,zh,成功
ilalala,5,2025-10-11 09:59:22,0,看完之后忘记标注了,neutral,0.5,zh,成功
Skald,5,2025-11-13 15:53:45,0,印象最深的动画，尽管我看的有点晚了，是听到要完结了来补番的，一口气看完了，看完跟过了一生一样。,positive,0.9542,zh,成功
桃子树,5,2025-10-03 00:49:03,0,又看了一遍等于又死了一遍,negative,0.8764,zh,成功
一贪江南,4,2025-10-08 01:11:17,0,我一直在哭 我不喜欢这样的结局 所以扣一星,negative,0.8765,zh,成功
小泡芙(甜妹版),5,2025-11-04 08:34:06,0,不用多说 神作 看懂这部动漫的恨不起来任何角色了。,positive,0.9876,zh,成功
从未遇见的你,3,2025-10-08 18:11:31,0,感觉又看了一遍最终季。。,negative,0.7543,zh,成功
Toddy,5,2025-09-30 20:30:56,0,补分,neutral,0.5,zh,成功
Gavin,5,2025-10-02 19:18:35,0,世界纷争不止，唯有爱你永恒,positive,0.8764,zh,成功
左手一只鸭嘎,4,2025-10-12 19:55:21,0,理智上知道这是作者一开始想好的结局，第一话《至两千年前的你》就已经注定了，但感性上实在无法接受艾伦的结局所以少一星,negative,0.7568,zh,成功
Mu,5,2025-10-06 14:05:22,0,历史就像那棵树的根，一直延伸、纠缠。每一代人都以为自己能打破循环，但最后又被同样的恐惧、偏见、权力所吞噬,negative,0.8765,zh,成功
小二郎松氏,4,2025-09-29 01:07:52,0,终于！完结辽 不舍！自由啊！,positive,0.8567,zh,成功
人畜无害豚,5,2025-10-11 17:25:07,0,我还是无法接受利威尔最后伤成那样，谏山创本来也没打算让他活吧，看到他瞎了一只眼坐在轮椅上发糖我真是忍不住骂人了 看的过程中基本一直都是更喜欢干部组，104期这些人只在乎同期生,,,,失败：HTTPSConnectionPool(host='api.deepseek.c
夏目的喵,5,2025-10-14 07:20:40,0,所有人都惨惨的,negative,0.8765,zh,成功
向云外寄生涯,5,2025-09-27 15:02:19,0,前两个完结篇的结合成的电影版，只是结尾部分多了3分钟彩蛋。 进击的巨人全部作品（包括漫画、TV、电影）到此全部看完。,neutral,0.8567,zh,成功
于木,5,2025-09-26 22:31:53,0,1155.给我幼小的心灵带来了不小的震撼，现在亦是如此,positive,0.8563,zh,成功
我也不记得了,5,2025-09-24 22:52:41,0,史诗巨作,positive,0.9876,zh,成功
小茶壶,5,2025-09-23 01:13:02,0,史上最佳！,positive,0.9987,zh,成功
小太阳林杨,5,2025-10-01 21:57:30,0,人类无可救药，人类永垂不朽！,negative,0.6543,zh,成功
陈某润,5,2025-09-22 14:38:05,0,当年看漫画时，对地鸣之后的剧情一言难尽。此时再看，充满绝望的前行，或许这是最合理的安排了,neutral,0.6543,zh,成功
blurryface,5,2025-10-06 13:17:04,0,原来23年底已经出了结局，25年国庆才想起来要追番。还是满分支持！结局的逻辑强行圆场，有点不知所以，快进着看。两个彩蛋还是蛮有心思的。,,,,失败：Expecting value: line 1 column 1 (char 0
momo,4,2025-09-20 19:36:41,0,越看越窒息,negative,0.9562,zh,成功
碳酸氢钠,5,2025-09-15 13:19:33,0,从头到尾都无可挑剔的一部作品，难以想象谏山创如果是从开头就想好了结尾，到底是怎么在那么多年的连载时间里控制好整个叙事的节奏，从完全架空现实的幻想作品到后面参杂进了越来越多的观念上的元素，感觉谏山创平时是不是也没有少键政啊，马莱篇的视角转换和帕岛对应，后面发现大家其实都只是为了保护重要的人塔塔开的，巨人的设定也很巧妙好玩，结尾更是完美地把矛盾解决了，啊啊啊啊总之非常精妙的一部作品，相信多年以后后人再来欣赏也同样会被震撼捏,positive,0.9876,zh,成功
破晓风笛手,5,2025-09-19 23:26:39,0,确实是看爽了，但和第一季那种不停地想要追着看下去地冲动略有差别。不过，我仍然很满意该结局了。,positive,0.7568,zh,成功
一点豆卜辣,5,2025-09-14 22:13:51,0,好神😭,positive,0.9567,zh,成功
诗人诞生前,5,2025-09-17 07:27:03,0,当之无愧的神作,positive,0.9987,zh,成功
我要当学霸~,5,2025-09-24 15:51:03,0,无力的抵抗，甚至是违背自己本心的行为，但最后都是一样的结果。感谢这个伟大的作品和时代吧，不迎合我们的结局但是真实又残酷,negative,0.7568,zh,成功
PANCY,3,2025-10-01 06:15:47,0,这季很多让我感动的地方，篝火夜谈、韩吉牺牲、柯尼的成长、马来小分队的神勇战姿等等，但是最后回归艾伦三笠线实在太中二了，斯德哥尔摩爱上绝世中二病，选择用全世界来陪葬，最后所有人当然还是选择原谅，对比对zeke的态度还是太双标了,,,,失败：Expecting value: line 1 column 1 (char 0
Alfred.H,5,2025-09-27 18:57:15,0,三笠对艾伦的爱，此生之最,positive,0.9236,zh,成功
